ISO-10303-21;
HEADER;
FILE_DESCRIPTION(('T30 Rotary Broach Punch - Stepped Shank Ø25 + Tooth Ø52.6543'),'2;1');
FILE_NAME('T30_rotary_broach_punch.stp','2026-04-23T00:00:00',
  ('DAWONRISE'),(''),'Custom STEP Writer 2.0','','');
FILE_SCHEMA(('AUTOMOTIVE_DESIGN'));
ENDSEC;
DATA;
#1=APPLICATION_CONTEXT('automotive design');
#2=APPLICATION_PROTOCOL_DEFINITION('draft international standard','automotive_design',1998,#1);
#3=PRODUCT_CONTEXT('',#1,'mechanical');
#4=PRODUCT_DEFINITION_CONTEXT('part definition',#1,'design');
#5=PRODUCT('T30-BROACH','T30 Rotary Broach Punch','',(#3));
#6=PRODUCT_DEFINITION_FORMATION_WITH_SPECIFIED_SOURCE('','',#5,.NOT_KNOWN.);
#7=PRODUCT_DEFINITION('design','',#6,#4);
#8=PRODUCT_DEFINITION_SHAPE('','',#7);
#9=CARTESIAN_POINT('Origin',(0.,0.,0.));
#10=DIRECTION('Z',(0.,0.,1.));
#11=DIRECTION('X',(1.,0.,0.));
#12=AXIS2_PLACEMENT_3D('CS',#9,#10,#11);
#13=( LENGTH_UNIT() NAMED_UNIT(*) SI_UNIT(.MILLI.,.METRE.) );
#14=( NAMED_UNIT(*) PLANE_ANGLE_UNIT() SI_UNIT($,.RADIAN.) );
#15=( NAMED_UNIT(*) SI_UNIT($,.STERADIAN.) SOLID_ANGLE_UNIT() );
#16=UNCERTAINTY_MEASURE_WITH_UNIT(LENGTH_MEASURE(1.E-07),#13,'distance_accuracy_value','Confusion accuracy');
#17=( GEOMETRIC_REPRESENTATION_CONTEXT(3) GLOBAL_UNCERTAINTY_ASSIGNED_CONTEXT((#16)) GLOBAL_UNIT_ASSIGNED_CONTEXT((#13,#14,#15)) REPRESENTATION_CONTEXT('Context','3D') );
#18=CARTESIAN_POINT('',(12.500000,0.000000,0.0000));
#19=VERTEX_POINT('',#18);
#20=CARTESIAN_POINT('',(12.431524,1.306606,0.0000));
#21=VERTEX_POINT('',#20);
#22=CARTESIAN_POINT('',(12.226845,2.598896,0.0000));
#23=VERTEX_POINT('',#22);
#24=CARTESIAN_POINT('',(11.888206,3.862712,0.0000));
#25=VERTEX_POINT('',#24);
#26=CARTESIAN_POINT('',(11.419318,5.084208,0.0000));
#27=VERTEX_POINT('',#26);
#28=CARTESIAN_POINT('',(10.825318,6.250000,0.0000));
#29=VERTEX_POINT('',#28);
#30=CARTESIAN_POINT('',(10.112712,7.347316,0.0000));
#31=VERTEX_POINT('',#30);
#32=CARTESIAN_POINT('',(9.289310,8.364133,0.0000));
#33=VERTEX_POINT('',#32);
#34=CARTESIAN_POINT('',(8.364133,9.289310,0.0000));
#35=VERTEX_POINT('',#34);
#36=CARTESIAN_POINT('',(7.347316,10.112712,0.0000));
#37=VERTEX_POINT('',#36);
#38=CARTESIAN_POINT('',(6.250000,10.825318,0.0000));
#39=VERTEX_POINT('',#38);
#40=CARTESIAN_POINT('',(5.084208,11.419318,0.0000));
#41=VERTEX_POINT('',#40);
#42=CARTESIAN_POINT('',(3.862712,11.888206,0.0000));
#43=VERTEX_POINT('',#42);
#44=CARTESIAN_POINT('',(2.598896,12.226845,0.0000));
#45=VERTEX_POINT('',#44);
#46=CARTESIAN_POINT('',(1.306606,12.431524,0.0000));
#47=VERTEX_POINT('',#46);
#48=CARTESIAN_POINT('',(0.000000,12.500000,0.0000));
#49=VERTEX_POINT('',#48);
#50=CARTESIAN_POINT('',(-1.306606,12.431524,0.0000));
#51=VERTEX_POINT('',#50);
#52=CARTESIAN_POINT('',(-2.598896,12.226845,0.0000));
#53=VERTEX_POINT('',#52);
#54=CARTESIAN_POINT('',(-3.862712,11.888206,0.0000));
#55=VERTEX_POINT('',#54);
#56=CARTESIAN_POINT('',(-5.084208,11.419318,0.0000));
#57=VERTEX_POINT('',#56);
#58=CARTESIAN_POINT('',(-6.250000,10.825318,0.0000));
#59=VERTEX_POINT('',#58);
#60=CARTESIAN_POINT('',(-7.347316,10.112712,0.0000));
#61=VERTEX_POINT('',#60);
#62=CARTESIAN_POINT('',(-8.364133,9.289310,0.0000));
#63=VERTEX_POINT('',#62);
#64=CARTESIAN_POINT('',(-9.289310,8.364133,0.0000));
#65=VERTEX_POINT('',#64);
#66=CARTESIAN_POINT('',(-10.112712,7.347316,0.0000));
#67=VERTEX_POINT('',#66);
#68=CARTESIAN_POINT('',(-10.825318,6.250000,0.0000));
#69=VERTEX_POINT('',#68);
#70=CARTESIAN_POINT('',(-11.419318,5.084208,0.0000));
#71=VERTEX_POINT('',#70);
#72=CARTESIAN_POINT('',(-11.888206,3.862712,0.0000));
#73=VERTEX_POINT('',#72);
#74=CARTESIAN_POINT('',(-12.226845,2.598896,0.0000));
#75=VERTEX_POINT('',#74);
#76=CARTESIAN_POINT('',(-12.431524,1.306606,0.0000));
#77=VERTEX_POINT('',#76);
#78=CARTESIAN_POINT('',(-12.500000,0.000000,0.0000));
#79=VERTEX_POINT('',#78);
#80=CARTESIAN_POINT('',(-12.431524,-1.306606,0.0000));
#81=VERTEX_POINT('',#80);
#82=CARTESIAN_POINT('',(-12.226845,-2.598896,0.0000));
#83=VERTEX_POINT('',#82);
#84=CARTESIAN_POINT('',(-11.888206,-3.862712,0.0000));
#85=VERTEX_POINT('',#84);
#86=CARTESIAN_POINT('',(-11.419318,-5.084208,0.0000));
#87=VERTEX_POINT('',#86);
#88=CARTESIAN_POINT('',(-10.825318,-6.250000,0.0000));
#89=VERTEX_POINT('',#88);
#90=CARTESIAN_POINT('',(-10.112712,-7.347316,0.0000));
#91=VERTEX_POINT('',#90);
#92=CARTESIAN_POINT('',(-9.289310,-8.364133,0.0000));
#93=VERTEX_POINT('',#92);
#94=CARTESIAN_POINT('',(-8.364133,-9.289310,0.0000));
#95=VERTEX_POINT('',#94);
#96=CARTESIAN_POINT('',(-7.347316,-10.112712,0.0000));
#97=VERTEX_POINT('',#96);
#98=CARTESIAN_POINT('',(-6.250000,-10.825318,0.0000));
#99=VERTEX_POINT('',#98);
#100=CARTESIAN_POINT('',(-5.084208,-11.419318,0.0000));
#101=VERTEX_POINT('',#100);
#102=CARTESIAN_POINT('',(-3.862712,-11.888206,0.0000));
#103=VERTEX_POINT('',#102);
#104=CARTESIAN_POINT('',(-2.598896,-12.226845,0.0000));
#105=VERTEX_POINT('',#104);
#106=CARTESIAN_POINT('',(-1.306606,-12.431524,0.0000));
#107=VERTEX_POINT('',#106);
#108=CARTESIAN_POINT('',(-0.000000,-12.500000,0.0000));
#109=VERTEX_POINT('',#108);
#110=CARTESIAN_POINT('',(1.306606,-12.431524,0.0000));
#111=VERTEX_POINT('',#110);
#112=CARTESIAN_POINT('',(2.598896,-12.226845,0.0000));
#113=VERTEX_POINT('',#112);
#114=CARTESIAN_POINT('',(3.862712,-11.888206,0.0000));
#115=VERTEX_POINT('',#114);
#116=CARTESIAN_POINT('',(5.084208,-11.419318,0.0000));
#117=VERTEX_POINT('',#116);
#118=CARTESIAN_POINT('',(6.250000,-10.825318,0.0000));
#119=VERTEX_POINT('',#118);
#120=CARTESIAN_POINT('',(7.347316,-10.112712,0.0000));
#121=VERTEX_POINT('',#120);
#122=CARTESIAN_POINT('',(8.364133,-9.289310,0.0000));
#123=VERTEX_POINT('',#122);
#124=CARTESIAN_POINT('',(9.289310,-8.364133,0.0000));
#125=VERTEX_POINT('',#124);
#126=CARTESIAN_POINT('',(10.112712,-7.347316,0.0000));
#127=VERTEX_POINT('',#126);
#128=CARTESIAN_POINT('',(10.825318,-6.250000,0.0000));
#129=VERTEX_POINT('',#128);
#130=CARTESIAN_POINT('',(11.419318,-5.084208,0.0000));
#131=VERTEX_POINT('',#130);
#132=CARTESIAN_POINT('',(11.888206,-3.862712,0.0000));
#133=VERTEX_POINT('',#132);
#134=CARTESIAN_POINT('',(12.226845,-2.598896,0.0000));
#135=VERTEX_POINT('',#134);
#136=CARTESIAN_POINT('',(12.431524,-1.306606,0.0000));
#137=VERTEX_POINT('',#136);
#138=CARTESIAN_POINT('',(12.500000,0.000000,38.0000));
#139=VERTEX_POINT('',#138);
#140=CARTESIAN_POINT('',(12.431524,1.306606,38.0000));
#141=VERTEX_POINT('',#140);
#142=CARTESIAN_POINT('',(12.226845,2.598896,38.0000));
#143=VERTEX_POINT('',#142);
#144=CARTESIAN_POINT('',(11.888206,3.862712,38.0000));
#145=VERTEX_POINT('',#144);
#146=CARTESIAN_POINT('',(11.419318,5.084208,38.0000));
#147=VERTEX_POINT('',#146);
#148=CARTESIAN_POINT('',(10.825318,6.250000,38.0000));
#149=VERTEX_POINT('',#148);
#150=CARTESIAN_POINT('',(10.112712,7.347316,38.0000));
#151=VERTEX_POINT('',#150);
#152=CARTESIAN_POINT('',(9.289310,8.364133,38.0000));
#153=VERTEX_POINT('',#152);
#154=CARTESIAN_POINT('',(8.364133,9.289310,38.0000));
#155=VERTEX_POINT('',#154);
#156=CARTESIAN_POINT('',(7.347316,10.112712,38.0000));
#157=VERTEX_POINT('',#156);
#158=CARTESIAN_POINT('',(6.250000,10.825318,38.0000));
#159=VERTEX_POINT('',#158);
#160=CARTESIAN_POINT('',(5.084208,11.419318,38.0000));
#161=VERTEX_POINT('',#160);
#162=CARTESIAN_POINT('',(3.862712,11.888206,38.0000));
#163=VERTEX_POINT('',#162);
#164=CARTESIAN_POINT('',(2.598896,12.226845,38.0000));
#165=VERTEX_POINT('',#164);
#166=CARTESIAN_POINT('',(1.306606,12.431524,38.0000));
#167=VERTEX_POINT('',#166);
#168=CARTESIAN_POINT('',(0.000000,12.500000,38.0000));
#169=VERTEX_POINT('',#168);
#170=CARTESIAN_POINT('',(-1.306606,12.431524,38.0000));
#171=VERTEX_POINT('',#170);
#172=CARTESIAN_POINT('',(-2.598896,12.226845,38.0000));
#173=VERTEX_POINT('',#172);
#174=CARTESIAN_POINT('',(-3.862712,11.888206,38.0000));
#175=VERTEX_POINT('',#174);
#176=CARTESIAN_POINT('',(-5.084208,11.419318,38.0000));
#177=VERTEX_POINT('',#176);
#178=CARTESIAN_POINT('',(-6.250000,10.825318,38.0000));
#179=VERTEX_POINT('',#178);
#180=CARTESIAN_POINT('',(-7.347316,10.112712,38.0000));
#181=VERTEX_POINT('',#180);
#182=CARTESIAN_POINT('',(-8.364133,9.289310,38.0000));
#183=VERTEX_POINT('',#182);
#184=CARTESIAN_POINT('',(-9.289310,8.364133,38.0000));
#185=VERTEX_POINT('',#184);
#186=CARTESIAN_POINT('',(-10.112712,7.347316,38.0000));
#187=VERTEX_POINT('',#186);
#188=CARTESIAN_POINT('',(-10.825318,6.250000,38.0000));
#189=VERTEX_POINT('',#188);
#190=CARTESIAN_POINT('',(-11.419318,5.084208,38.0000));
#191=VERTEX_POINT('',#190);
#192=CARTESIAN_POINT('',(-11.888206,3.862712,38.0000));
#193=VERTEX_POINT('',#192);
#194=CARTESIAN_POINT('',(-12.226845,2.598896,38.0000));
#195=VERTEX_POINT('',#194);
#196=CARTESIAN_POINT('',(-12.431524,1.306606,38.0000));
#197=VERTEX_POINT('',#196);
#198=CARTESIAN_POINT('',(-12.500000,0.000000,38.0000));
#199=VERTEX_POINT('',#198);
#200=CARTESIAN_POINT('',(-12.431524,-1.306606,38.0000));
#201=VERTEX_POINT('',#200);
#202=CARTESIAN_POINT('',(-12.226845,-2.598896,38.0000));
#203=VERTEX_POINT('',#202);
#204=CARTESIAN_POINT('',(-11.888206,-3.862712,38.0000));
#205=VERTEX_POINT('',#204);
#206=CARTESIAN_POINT('',(-11.419318,-5.084208,38.0000));
#207=VERTEX_POINT('',#206);
#208=CARTESIAN_POINT('',(-10.825318,-6.250000,38.0000));
#209=VERTEX_POINT('',#208);
#210=CARTESIAN_POINT('',(-10.112712,-7.347316,38.0000));
#211=VERTEX_POINT('',#210);
#212=CARTESIAN_POINT('',(-9.289310,-8.364133,38.0000));
#213=VERTEX_POINT('',#212);
#214=CARTESIAN_POINT('',(-8.364133,-9.289310,38.0000));
#215=VERTEX_POINT('',#214);
#216=CARTESIAN_POINT('',(-7.347316,-10.112712,38.0000));
#217=VERTEX_POINT('',#216);
#218=CARTESIAN_POINT('',(-6.250000,-10.825318,38.0000));
#219=VERTEX_POINT('',#218);
#220=CARTESIAN_POINT('',(-5.084208,-11.419318,38.0000));
#221=VERTEX_POINT('',#220);
#222=CARTESIAN_POINT('',(-3.862712,-11.888206,38.0000));
#223=VERTEX_POINT('',#222);
#224=CARTESIAN_POINT('',(-2.598896,-12.226845,38.0000));
#225=VERTEX_POINT('',#224);
#226=CARTESIAN_POINT('',(-1.306606,-12.431524,38.0000));
#227=VERTEX_POINT('',#226);
#228=CARTESIAN_POINT('',(-0.000000,-12.500000,38.0000));
#229=VERTEX_POINT('',#228);
#230=CARTESIAN_POINT('',(1.306606,-12.431524,38.0000));
#231=VERTEX_POINT('',#230);
#232=CARTESIAN_POINT('',(2.598896,-12.226845,38.0000));
#233=VERTEX_POINT('',#232);
#234=CARTESIAN_POINT('',(3.862712,-11.888206,38.0000));
#235=VERTEX_POINT('',#234);
#236=CARTESIAN_POINT('',(5.084208,-11.419318,38.0000));
#237=VERTEX_POINT('',#236);
#238=CARTESIAN_POINT('',(6.250000,-10.825318,38.0000));
#239=VERTEX_POINT('',#238);
#240=CARTESIAN_POINT('',(7.347316,-10.112712,38.0000));
#241=VERTEX_POINT('',#240);
#242=CARTESIAN_POINT('',(8.364133,-9.289310,38.0000));
#243=VERTEX_POINT('',#242);
#244=CARTESIAN_POINT('',(9.289310,-8.364133,38.0000));
#245=VERTEX_POINT('',#244);
#246=CARTESIAN_POINT('',(10.112712,-7.347316,38.0000));
#247=VERTEX_POINT('',#246);
#248=CARTESIAN_POINT('',(10.825318,-6.250000,38.0000));
#249=VERTEX_POINT('',#248);
#250=CARTESIAN_POINT('',(11.419318,-5.084208,38.0000));
#251=VERTEX_POINT('',#250);
#252=CARTESIAN_POINT('',(11.888206,-3.862712,38.0000));
#253=VERTEX_POINT('',#252);
#254=CARTESIAN_POINT('',(12.226845,-2.598896,38.0000));
#255=VERTEX_POINT('',#254);
#256=CARTESIAN_POINT('',(12.431524,-1.306606,38.0000));
#257=VERTEX_POINT('',#256);
#258=CARTESIAN_POINT('',(2.608790,24.820979,38.0000));
#259=VERTEX_POINT('',#258);
#260=CARTESIAN_POINT('',(0.000000,26.327200,38.0000));
#261=VERTEX_POINT('',#260);
#262=CARTESIAN_POINT('',(-2.608790,24.820979,38.0000));
#263=VERTEX_POINT('',#262);
#264=CARTESIAN_POINT('',(-5.473733,25.751888,38.0000));
#265=VERTEX_POINT('',#264);
#266=CARTESIAN_POINT('',(-7.712353,23.736183,38.0000));
#267=VERTEX_POINT('',#266);
#268=CARTESIAN_POINT('',(-10.708237,24.051094,38.0000));
#269=VERTEX_POINT('',#268);
#270=CARTESIAN_POINT('',(-12.478850,21.614002,38.0000));
#271=VERTEX_POINT('',#270);
#272=CARTESIAN_POINT('',(-15.474740,21.299152,38.0000));
#273=VERTEX_POINT('',#272);
#274=CARTESIAN_POINT('',(-16.699961,18.547186,38.0000));
#275=VERTEX_POINT('',#274);
#276=CARTESIAN_POINT('',(-19.564922,17.616335,38.0000));
#277=VERTEX_POINT('',#276);
#278=CARTESIAN_POINT('',(-20.191203,14.669768,38.0000));
#279=VERTEX_POINT('',#278);
#280=CARTESIAN_POINT('',(-22.800024,13.163600,38.0000));
#281=VERTEX_POINT('',#280);
#282=CARTESIAN_POINT('',(-22.799993,10.151211,38.0000));
#283=VERTEX_POINT('',#282);
#284=CARTESIAN_POINT('',(-25.038655,8.135552,38.0000));
#285=VERTEX_POINT('',#284);
#286=CARTESIAN_POINT('',(-24.412314,5.188998,38.0000));
#287=VERTEX_POINT('',#286);
#288=CARTESIAN_POINT('',(-26.182977,2.751942,38.0000));
#289=VERTEX_POINT('',#288);
#290=CARTESIAN_POINT('',(-24.957700,0.000000,38.0000));
#291=VERTEX_POINT('',#290);
#292=CARTESIAN_POINT('',(-26.182977,-2.751942,38.0000));
#293=VERTEX_POINT('',#292);
#294=CARTESIAN_POINT('',(-24.412314,-5.188998,38.0000));
#295=VERTEX_POINT('',#294);
#296=CARTESIAN_POINT('',(-25.038655,-8.135552,38.0000));
#297=VERTEX_POINT('',#296);
#298=CARTESIAN_POINT('',(-22.799993,-10.151211,38.0000));
#299=VERTEX_POINT('',#298);
#300=CARTESIAN_POINT('',(-22.800024,-13.163600,38.0000));
#301=VERTEX_POINT('',#300);
#302=CARTESIAN_POINT('',(-20.191203,-14.669768,38.0000));
#303=VERTEX_POINT('',#302);
#304=CARTESIAN_POINT('',(-19.564922,-17.616335,38.0000));
#305=VERTEX_POINT('',#304);
#306=CARTESIAN_POINT('',(-16.699961,-18.547186,38.0000));
#307=VERTEX_POINT('',#306);
#308=CARTESIAN_POINT('',(-15.474740,-21.299152,38.0000));
#309=VERTEX_POINT('',#308);
#310=CARTESIAN_POINT('',(-12.478850,-21.614002,38.0000));
#311=VERTEX_POINT('',#310);
#312=CARTESIAN_POINT('',(-10.708237,-24.051094,38.0000));
#313=VERTEX_POINT('',#312);
#314=CARTESIAN_POINT('',(-7.712353,-23.736183,38.0000));
#315=VERTEX_POINT('',#314);
#316=CARTESIAN_POINT('',(-5.473733,-25.751888,38.0000));
#317=VERTEX_POINT('',#316);
#318=CARTESIAN_POINT('',(-2.608790,-24.820979,38.0000));
#319=VERTEX_POINT('',#318);
#320=CARTESIAN_POINT('',(-0.000000,-26.327200,38.0000));
#321=VERTEX_POINT('',#320);
#322=CARTESIAN_POINT('',(2.608790,-24.820979,38.0000));
#323=VERTEX_POINT('',#322);
#324=CARTESIAN_POINT('',(5.473733,-25.751888,38.0000));
#325=VERTEX_POINT('',#324);
#326=CARTESIAN_POINT('',(7.712353,-23.736183,38.0000));
#327=VERTEX_POINT('',#326);
#328=CARTESIAN_POINT('',(10.708237,-24.051094,38.0000));
#329=VERTEX_POINT('',#328);
#330=CARTESIAN_POINT('',(12.478850,-21.614002,38.0000));
#331=VERTEX_POINT('',#330);
#332=CARTESIAN_POINT('',(15.474740,-21.299152,38.0000));
#333=VERTEX_POINT('',#332);
#334=CARTESIAN_POINT('',(16.699961,-18.547186,38.0000));
#335=VERTEX_POINT('',#334);
#336=CARTESIAN_POINT('',(19.564922,-17.616335,38.0000));
#337=VERTEX_POINT('',#336);
#338=CARTESIAN_POINT('',(20.191203,-14.669768,38.0000));
#339=VERTEX_POINT('',#338);
#340=CARTESIAN_POINT('',(22.800024,-13.163600,38.0000));
#341=VERTEX_POINT('',#340);
#342=CARTESIAN_POINT('',(22.799993,-10.151211,38.0000));
#343=VERTEX_POINT('',#342);
#344=CARTESIAN_POINT('',(25.038655,-8.135552,38.0000));
#345=VERTEX_POINT('',#344);
#346=CARTESIAN_POINT('',(24.412314,-5.188998,38.0000));
#347=VERTEX_POINT('',#346);
#348=CARTESIAN_POINT('',(26.182977,-2.751942,38.0000));
#349=VERTEX_POINT('',#348);
#350=CARTESIAN_POINT('',(24.957700,-0.000000,38.0000));
#351=VERTEX_POINT('',#350);
#352=CARTESIAN_POINT('',(26.182977,2.751942,38.0000));
#353=VERTEX_POINT('',#352);
#354=CARTESIAN_POINT('',(24.412314,5.188998,38.0000));
#355=VERTEX_POINT('',#354);
#356=CARTESIAN_POINT('',(25.038655,8.135552,38.0000));
#357=VERTEX_POINT('',#356);
#358=CARTESIAN_POINT('',(22.799993,10.151211,38.0000));
#359=VERTEX_POINT('',#358);
#360=CARTESIAN_POINT('',(22.800024,13.163600,38.0000));
#361=VERTEX_POINT('',#360);
#362=CARTESIAN_POINT('',(20.191203,14.669768,38.0000));
#363=VERTEX_POINT('',#362);
#364=CARTESIAN_POINT('',(19.564922,17.616335,38.0000));
#365=VERTEX_POINT('',#364);
#366=CARTESIAN_POINT('',(16.699961,18.547186,38.0000));
#367=VERTEX_POINT('',#366);
#368=CARTESIAN_POINT('',(15.474740,21.299152,38.0000));
#369=VERTEX_POINT('',#368);
#370=CARTESIAN_POINT('',(12.478850,21.614002,38.0000));
#371=VERTEX_POINT('',#370);
#372=CARTESIAN_POINT('',(10.708237,24.051094,38.0000));
#373=VERTEX_POINT('',#372);
#374=CARTESIAN_POINT('',(7.712353,23.736183,38.0000));
#375=VERTEX_POINT('',#374);
#376=CARTESIAN_POINT('',(5.473733,25.751888,38.0000));
#377=VERTEX_POINT('',#376);
#378=CARTESIAN_POINT('',(2.608790,24.820979,46.0000));
#379=VERTEX_POINT('',#378);
#380=CARTESIAN_POINT('',(0.000000,26.327200,46.0000));
#381=VERTEX_POINT('',#380);
#382=CARTESIAN_POINT('',(-2.608790,24.820979,46.0000));
#383=VERTEX_POINT('',#382);
#384=CARTESIAN_POINT('',(-5.473733,25.751888,46.0000));
#385=VERTEX_POINT('',#384);
#386=CARTESIAN_POINT('',(-7.712353,23.736183,46.0000));
#387=VERTEX_POINT('',#386);
#388=CARTESIAN_POINT('',(-10.708237,24.051094,46.0000));
#389=VERTEX_POINT('',#388);
#390=CARTESIAN_POINT('',(-12.478850,21.614002,46.0000));
#391=VERTEX_POINT('',#390);
#392=CARTESIAN_POINT('',(-15.474740,21.299152,46.0000));
#393=VERTEX_POINT('',#392);
#394=CARTESIAN_POINT('',(-16.699961,18.547186,46.0000));
#395=VERTEX_POINT('',#394);
#396=CARTESIAN_POINT('',(-19.564922,17.616335,46.0000));
#397=VERTEX_POINT('',#396);
#398=CARTESIAN_POINT('',(-20.191203,14.669768,46.0000));
#399=VERTEX_POINT('',#398);
#400=CARTESIAN_POINT('',(-22.800024,13.163600,46.0000));
#401=VERTEX_POINT('',#400);
#402=CARTESIAN_POINT('',(-22.799993,10.151211,46.0000));
#403=VERTEX_POINT('',#402);
#404=CARTESIAN_POINT('',(-25.038655,8.135552,46.0000));
#405=VERTEX_POINT('',#404);
#406=CARTESIAN_POINT('',(-24.412314,5.188998,46.0000));
#407=VERTEX_POINT('',#406);
#408=CARTESIAN_POINT('',(-26.182977,2.751942,46.0000));
#409=VERTEX_POINT('',#408);
#410=CARTESIAN_POINT('',(-24.957700,0.000000,46.0000));
#411=VERTEX_POINT('',#410);
#412=CARTESIAN_POINT('',(-26.182977,-2.751942,46.0000));
#413=VERTEX_POINT('',#412);
#414=CARTESIAN_POINT('',(-24.412314,-5.188998,46.0000));
#415=VERTEX_POINT('',#414);
#416=CARTESIAN_POINT('',(-25.038655,-8.135552,46.0000));
#417=VERTEX_POINT('',#416);
#418=CARTESIAN_POINT('',(-22.799993,-10.151211,46.0000));
#419=VERTEX_POINT('',#418);
#420=CARTESIAN_POINT('',(-22.800024,-13.163600,46.0000));
#421=VERTEX_POINT('',#420);
#422=CARTESIAN_POINT('',(-20.191203,-14.669768,46.0000));
#423=VERTEX_POINT('',#422);
#424=CARTESIAN_POINT('',(-19.564922,-17.616335,46.0000));
#425=VERTEX_POINT('',#424);
#426=CARTESIAN_POINT('',(-16.699961,-18.547186,46.0000));
#427=VERTEX_POINT('',#426);
#428=CARTESIAN_POINT('',(-15.474740,-21.299152,46.0000));
#429=VERTEX_POINT('',#428);
#430=CARTESIAN_POINT('',(-12.478850,-21.614002,46.0000));
#431=VERTEX_POINT('',#430);
#432=CARTESIAN_POINT('',(-10.708237,-24.051094,46.0000));
#433=VERTEX_POINT('',#432);
#434=CARTESIAN_POINT('',(-7.712353,-23.736183,46.0000));
#435=VERTEX_POINT('',#434);
#436=CARTESIAN_POINT('',(-5.473733,-25.751888,46.0000));
#437=VERTEX_POINT('',#436);
#438=CARTESIAN_POINT('',(-2.608790,-24.820979,46.0000));
#439=VERTEX_POINT('',#438);
#440=CARTESIAN_POINT('',(-0.000000,-26.327200,46.0000));
#441=VERTEX_POINT('',#440);
#442=CARTESIAN_POINT('',(2.608790,-24.820979,46.0000));
#443=VERTEX_POINT('',#442);
#444=CARTESIAN_POINT('',(5.473733,-25.751888,46.0000));
#445=VERTEX_POINT('',#444);
#446=CARTESIAN_POINT('',(7.712353,-23.736183,46.0000));
#447=VERTEX_POINT('',#446);
#448=CARTESIAN_POINT('',(10.708237,-24.051094,46.0000));
#449=VERTEX_POINT('',#448);
#450=CARTESIAN_POINT('',(12.478850,-21.614002,46.0000));
#451=VERTEX_POINT('',#450);
#452=CARTESIAN_POINT('',(15.474740,-21.299152,46.0000));
#453=VERTEX_POINT('',#452);
#454=CARTESIAN_POINT('',(16.699961,-18.547186,46.0000));
#455=VERTEX_POINT('',#454);
#456=CARTESIAN_POINT('',(19.564922,-17.616335,46.0000));
#457=VERTEX_POINT('',#456);
#458=CARTESIAN_POINT('',(20.191203,-14.669768,46.0000));
#459=VERTEX_POINT('',#458);
#460=CARTESIAN_POINT('',(22.800024,-13.163600,46.0000));
#461=VERTEX_POINT('',#460);
#462=CARTESIAN_POINT('',(22.799993,-10.151211,46.0000));
#463=VERTEX_POINT('',#462);
#464=CARTESIAN_POINT('',(25.038655,-8.135552,46.0000));
#465=VERTEX_POINT('',#464);
#466=CARTESIAN_POINT('',(24.412314,-5.188998,46.0000));
#467=VERTEX_POINT('',#466);
#468=CARTESIAN_POINT('',(26.182977,-2.751942,46.0000));
#469=VERTEX_POINT('',#468);
#470=CARTESIAN_POINT('',(24.957700,-0.000000,46.0000));
#471=VERTEX_POINT('',#470);
#472=CARTESIAN_POINT('',(26.182977,2.751942,46.0000));
#473=VERTEX_POINT('',#472);
#474=CARTESIAN_POINT('',(24.412314,5.188998,46.0000));
#475=VERTEX_POINT('',#474);
#476=CARTESIAN_POINT('',(25.038655,8.135552,46.0000));
#477=VERTEX_POINT('',#476);
#478=CARTESIAN_POINT('',(22.799993,10.151211,46.0000));
#479=VERTEX_POINT('',#478);
#480=CARTESIAN_POINT('',(22.800024,13.163600,46.0000));
#481=VERTEX_POINT('',#480);
#482=CARTESIAN_POINT('',(20.191203,14.669768,46.0000));
#483=VERTEX_POINT('',#482);
#484=CARTESIAN_POINT('',(19.564922,17.616335,46.0000));
#485=VERTEX_POINT('',#484);
#486=CARTESIAN_POINT('',(16.699961,18.547186,46.0000));
#487=VERTEX_POINT('',#486);
#488=CARTESIAN_POINT('',(15.474740,21.299152,46.0000));
#489=VERTEX_POINT('',#488);
#490=CARTESIAN_POINT('',(12.478850,21.614002,46.0000));
#491=VERTEX_POINT('',#490);
#492=CARTESIAN_POINT('',(10.708237,24.051094,46.0000));
#493=VERTEX_POINT('',#492);
#494=CARTESIAN_POINT('',(7.712353,23.736183,46.0000));
#495=VERTEX_POINT('',#494);
#496=CARTESIAN_POINT('',(5.473733,25.751888,46.0000));
#497=VERTEX_POINT('',#496);
#498=CARTESIAN_POINT('',(12.500000,0.000000,0.000000));
#499=DIRECTION('',(-0.052336,0.998630,0.000000));
#500=VECTOR('',#499,1.308399);
#501=LINE('',#498,#500);
#502=EDGE_CURVE('BR0',#19,#21,#501,.T.);
#503=CARTESIAN_POINT('',(12.431524,1.306606,0.000000));
#504=DIRECTION('',(-0.156434,0.987688,0.000000));
#505=VECTOR('',#504,1.308399);
#506=LINE('',#503,#505);
#507=EDGE_CURVE('BR1',#21,#23,#506,.T.);
#508=CARTESIAN_POINT('',(12.226845,2.598896,0.000000));
#509=DIRECTION('',(-0.258819,0.965926,0.000000));
#510=VECTOR('',#509,1.308399);
#511=LINE('',#508,#510);
#512=EDGE_CURVE('BR2',#23,#25,#511,.T.);
#513=CARTESIAN_POINT('',(11.888206,3.862712,0.000000));
#514=DIRECTION('',(-0.358368,0.933580,0.000000));
#515=VECTOR('',#514,1.308399);
#516=LINE('',#513,#515);
#517=EDGE_CURVE('BR3',#25,#27,#516,.T.);
#518=CARTESIAN_POINT('',(11.419318,5.084208,0.000000));
#519=DIRECTION('',(-0.453990,0.891007,0.000000));
#520=VECTOR('',#519,1.308399);
#521=LINE('',#518,#520);
#522=EDGE_CURVE('BR4',#27,#29,#521,.T.);
#523=CARTESIAN_POINT('',(10.825318,6.250000,0.000000));
#524=DIRECTION('',(-0.544639,0.838671,0.000000));
#525=VECTOR('',#524,1.308399);
#526=LINE('',#523,#525);
#527=EDGE_CURVE('BR5',#29,#31,#526,.T.);
#528=CARTESIAN_POINT('',(10.112712,7.347316,0.000000));
#529=DIRECTION('',(-0.629320,0.777146,0.000000));
#530=VECTOR('',#529,1.308399);
#531=LINE('',#528,#530);
#532=EDGE_CURVE('BR6',#31,#33,#531,.T.);
#533=CARTESIAN_POINT('',(9.289310,8.364133,0.000000));
#534=DIRECTION('',(-0.707107,0.707107,0.000000));
#535=VECTOR('',#534,1.308399);
#536=LINE('',#533,#535);
#537=EDGE_CURVE('BR7',#33,#35,#536,.T.);
#538=CARTESIAN_POINT('',(8.364133,9.289310,0.000000));
#539=DIRECTION('',(-0.777146,0.629320,0.000000));
#540=VECTOR('',#539,1.308399);
#541=LINE('',#538,#540);
#542=EDGE_CURVE('BR8',#35,#37,#541,.T.);
#543=CARTESIAN_POINT('',(7.347316,10.112712,0.000000));
#544=DIRECTION('',(-0.838671,0.544639,0.000000));
#545=VECTOR('',#544,1.308399);
#546=LINE('',#543,#545);
#547=EDGE_CURVE('BR9',#37,#39,#546,.T.);
#548=CARTESIAN_POINT('',(6.250000,10.825318,0.000000));
#549=DIRECTION('',(-0.891007,0.453990,0.000000));
#550=VECTOR('',#549,1.308399);
#551=LINE('',#548,#550);
#552=EDGE_CURVE('BR10',#39,#41,#551,.T.);
#553=CARTESIAN_POINT('',(5.084208,11.419318,0.000000));
#554=DIRECTION('',(-0.933580,0.358368,0.000000));
#555=VECTOR('',#554,1.308399);
#556=LINE('',#553,#555);
#557=EDGE_CURVE('BR11',#41,#43,#556,.T.);
#558=CARTESIAN_POINT('',(3.862712,11.888206,0.000000));
#559=DIRECTION('',(-0.965926,0.258819,0.000000));
#560=VECTOR('',#559,1.308399);
#561=LINE('',#558,#560);
#562=EDGE_CURVE('BR12',#43,#45,#561,.T.);
#563=CARTESIAN_POINT('',(2.598896,12.226845,0.000000));
#564=DIRECTION('',(-0.987688,0.156434,0.000000));
#565=VECTOR('',#564,1.308399);
#566=LINE('',#563,#565);
#567=EDGE_CURVE('BR13',#45,#47,#566,.T.);
#568=CARTESIAN_POINT('',(1.306606,12.431524,0.000000));
#569=DIRECTION('',(-0.998630,0.052336,0.000000));
#570=VECTOR('',#569,1.308399);
#571=LINE('',#568,#570);
#572=EDGE_CURVE('BR14',#47,#49,#571,.T.);
#573=CARTESIAN_POINT('',(0.000000,12.500000,0.000000));
#574=DIRECTION('',(-0.998630,-0.052336,0.000000));
#575=VECTOR('',#574,1.308399);
#576=LINE('',#573,#575);
#577=EDGE_CURVE('BR15',#49,#51,#576,.T.);
#578=CARTESIAN_POINT('',(-1.306606,12.431524,0.000000));
#579=DIRECTION('',(-0.987688,-0.156434,0.000000));
#580=VECTOR('',#579,1.308399);
#581=LINE('',#578,#580);
#582=EDGE_CURVE('BR16',#51,#53,#581,.T.);
#583=CARTESIAN_POINT('',(-2.598896,12.226845,0.000000));
#584=DIRECTION('',(-0.965926,-0.258819,0.000000));
#585=VECTOR('',#584,1.308399);
#586=LINE('',#583,#585);
#587=EDGE_CURVE('BR17',#53,#55,#586,.T.);
#588=CARTESIAN_POINT('',(-3.862712,11.888206,0.000000));
#589=DIRECTION('',(-0.933580,-0.358368,0.000000));
#590=VECTOR('',#589,1.308399);
#591=LINE('',#588,#590);
#592=EDGE_CURVE('BR18',#55,#57,#591,.T.);
#593=CARTESIAN_POINT('',(-5.084208,11.419318,0.000000));
#594=DIRECTION('',(-0.891007,-0.453990,0.000000));
#595=VECTOR('',#594,1.308399);
#596=LINE('',#593,#595);
#597=EDGE_CURVE('BR19',#57,#59,#596,.T.);
#598=CARTESIAN_POINT('',(-6.250000,10.825318,0.000000));
#599=DIRECTION('',(-0.838671,-0.544639,0.000000));
#600=VECTOR('',#599,1.308399);
#601=LINE('',#598,#600);
#602=EDGE_CURVE('BR20',#59,#61,#601,.T.);
#603=CARTESIAN_POINT('',(-7.347316,10.112712,0.000000));
#604=DIRECTION('',(-0.777146,-0.629320,0.000000));
#605=VECTOR('',#604,1.308399);
#606=LINE('',#603,#605);
#607=EDGE_CURVE('BR21',#61,#63,#606,.T.);
#608=CARTESIAN_POINT('',(-8.364133,9.289310,0.000000));
#609=DIRECTION('',(-0.707107,-0.707107,0.000000));
#610=VECTOR('',#609,1.308399);
#611=LINE('',#608,#610);
#612=EDGE_CURVE('BR22',#63,#65,#611,.T.);
#613=CARTESIAN_POINT('',(-9.289310,8.364133,0.000000));
#614=DIRECTION('',(-0.629320,-0.777146,0.000000));
#615=VECTOR('',#614,1.308399);
#616=LINE('',#613,#615);
#617=EDGE_CURVE('BR23',#65,#67,#616,.T.);
#618=CARTESIAN_POINT('',(-10.112712,7.347316,0.000000));
#619=DIRECTION('',(-0.544639,-0.838671,0.000000));
#620=VECTOR('',#619,1.308399);
#621=LINE('',#618,#620);
#622=EDGE_CURVE('BR24',#67,#69,#621,.T.);
#623=CARTESIAN_POINT('',(-10.825318,6.250000,0.000000));
#624=DIRECTION('',(-0.453990,-0.891007,0.000000));
#625=VECTOR('',#624,1.308399);
#626=LINE('',#623,#625);
#627=EDGE_CURVE('BR25',#69,#71,#626,.T.);
#628=CARTESIAN_POINT('',(-11.419318,5.084208,0.000000));
#629=DIRECTION('',(-0.358368,-0.933580,0.000000));
#630=VECTOR('',#629,1.308399);
#631=LINE('',#628,#630);
#632=EDGE_CURVE('BR26',#71,#73,#631,.T.);
#633=CARTESIAN_POINT('',(-11.888206,3.862712,0.000000));
#634=DIRECTION('',(-0.258819,-0.965926,0.000000));
#635=VECTOR('',#634,1.308399);
#636=LINE('',#633,#635);
#637=EDGE_CURVE('BR27',#73,#75,#636,.T.);
#638=CARTESIAN_POINT('',(-12.226845,2.598896,0.000000));
#639=DIRECTION('',(-0.156434,-0.987688,0.000000));
#640=VECTOR('',#639,1.308399);
#641=LINE('',#638,#640);
#642=EDGE_CURVE('BR28',#75,#77,#641,.T.);
#643=CARTESIAN_POINT('',(-12.431524,1.306606,0.000000));
#644=DIRECTION('',(-0.052336,-0.998630,0.000000));
#645=VECTOR('',#644,1.308399);
#646=LINE('',#643,#645);
#647=EDGE_CURVE('BR29',#77,#79,#646,.T.);
#648=CARTESIAN_POINT('',(-12.500000,0.000000,0.000000));
#649=DIRECTION('',(0.052336,-0.998630,0.000000));
#650=VECTOR('',#649,1.308399);
#651=LINE('',#648,#650);
#652=EDGE_CURVE('BR30',#79,#81,#651,.T.);
#653=CARTESIAN_POINT('',(-12.431524,-1.306606,0.000000));
#654=DIRECTION('',(0.156434,-0.987688,0.000000));
#655=VECTOR('',#654,1.308399);
#656=LINE('',#653,#655);
#657=EDGE_CURVE('BR31',#81,#83,#656,.T.);
#658=CARTESIAN_POINT('',(-12.226845,-2.598896,0.000000));
#659=DIRECTION('',(0.258819,-0.965926,0.000000));
#660=VECTOR('',#659,1.308399);
#661=LINE('',#658,#660);
#662=EDGE_CURVE('BR32',#83,#85,#661,.T.);
#663=CARTESIAN_POINT('',(-11.888206,-3.862712,0.000000));
#664=DIRECTION('',(0.358368,-0.933580,0.000000));
#665=VECTOR('',#664,1.308399);
#666=LINE('',#663,#665);
#667=EDGE_CURVE('BR33',#85,#87,#666,.T.);
#668=CARTESIAN_POINT('',(-11.419318,-5.084208,0.000000));
#669=DIRECTION('',(0.453990,-0.891007,0.000000));
#670=VECTOR('',#669,1.308399);
#671=LINE('',#668,#670);
#672=EDGE_CURVE('BR34',#87,#89,#671,.T.);
#673=CARTESIAN_POINT('',(-10.825318,-6.250000,0.000000));
#674=DIRECTION('',(0.544639,-0.838671,0.000000));
#675=VECTOR('',#674,1.308399);
#676=LINE('',#673,#675);
#677=EDGE_CURVE('BR35',#89,#91,#676,.T.);
#678=CARTESIAN_POINT('',(-10.112712,-7.347316,0.000000));
#679=DIRECTION('',(0.629320,-0.777146,0.000000));
#680=VECTOR('',#679,1.308399);
#681=LINE('',#678,#680);
#682=EDGE_CURVE('BR36',#91,#93,#681,.T.);
#683=CARTESIAN_POINT('',(-9.289310,-8.364133,0.000000));
#684=DIRECTION('',(0.707107,-0.707107,0.000000));
#685=VECTOR('',#684,1.308399);
#686=LINE('',#683,#685);
#687=EDGE_CURVE('BR37',#93,#95,#686,.T.);
#688=CARTESIAN_POINT('',(-8.364133,-9.289310,0.000000));
#689=DIRECTION('',(0.777146,-0.629320,0.000000));
#690=VECTOR('',#689,1.308399);
#691=LINE('',#688,#690);
#692=EDGE_CURVE('BR38',#95,#97,#691,.T.);
#693=CARTESIAN_POINT('',(-7.347316,-10.112712,0.000000));
#694=DIRECTION('',(0.838671,-0.544639,0.000000));
#695=VECTOR('',#694,1.308399);
#696=LINE('',#693,#695);
#697=EDGE_CURVE('BR39',#97,#99,#696,.T.);
#698=CARTESIAN_POINT('',(-6.250000,-10.825318,0.000000));
#699=DIRECTION('',(0.891007,-0.453990,0.000000));
#700=VECTOR('',#699,1.308399);
#701=LINE('',#698,#700);
#702=EDGE_CURVE('BR40',#99,#101,#701,.T.);
#703=CARTESIAN_POINT('',(-5.084208,-11.419318,0.000000));
#704=DIRECTION('',(0.933580,-0.358368,0.000000));
#705=VECTOR('',#704,1.308399);
#706=LINE('',#703,#705);
#707=EDGE_CURVE('BR41',#101,#103,#706,.T.);
#708=CARTESIAN_POINT('',(-3.862712,-11.888206,0.000000));
#709=DIRECTION('',(0.965926,-0.258819,0.000000));
#710=VECTOR('',#709,1.308399);
#711=LINE('',#708,#710);
#712=EDGE_CURVE('BR42',#103,#105,#711,.T.);
#713=CARTESIAN_POINT('',(-2.598896,-12.226845,0.000000));
#714=DIRECTION('',(0.987688,-0.156434,0.000000));
#715=VECTOR('',#714,1.308399);
#716=LINE('',#713,#715);
#717=EDGE_CURVE('BR43',#105,#107,#716,.T.);
#718=CARTESIAN_POINT('',(-1.306606,-12.431524,0.000000));
#719=DIRECTION('',(0.998630,-0.052336,0.000000));
#720=VECTOR('',#719,1.308399);
#721=LINE('',#718,#720);
#722=EDGE_CURVE('BR44',#107,#109,#721,.T.);
#723=CARTESIAN_POINT('',(-0.000000,-12.500000,0.000000));
#724=DIRECTION('',(0.998630,0.052336,0.000000));
#725=VECTOR('',#724,1.308399);
#726=LINE('',#723,#725);
#727=EDGE_CURVE('BR45',#109,#111,#726,.T.);
#728=CARTESIAN_POINT('',(1.306606,-12.431524,0.000000));
#729=DIRECTION('',(0.987688,0.156434,0.000000));
#730=VECTOR('',#729,1.308399);
#731=LINE('',#728,#730);
#732=EDGE_CURVE('BR46',#111,#113,#731,.T.);
#733=CARTESIAN_POINT('',(2.598896,-12.226845,0.000000));
#734=DIRECTION('',(0.965926,0.258819,0.000000));
#735=VECTOR('',#734,1.308399);
#736=LINE('',#733,#735);
#737=EDGE_CURVE('BR47',#113,#115,#736,.T.);
#738=CARTESIAN_POINT('',(3.862712,-11.888206,0.000000));
#739=DIRECTION('',(0.933580,0.358368,0.000000));
#740=VECTOR('',#739,1.308399);
#741=LINE('',#738,#740);
#742=EDGE_CURVE('BR48',#115,#117,#741,.T.);
#743=CARTESIAN_POINT('',(5.084208,-11.419318,0.000000));
#744=DIRECTION('',(0.891007,0.453990,0.000000));
#745=VECTOR('',#744,1.308399);
#746=LINE('',#743,#745);
#747=EDGE_CURVE('BR49',#117,#119,#746,.T.);
#748=CARTESIAN_POINT('',(6.250000,-10.825318,0.000000));
#749=DIRECTION('',(0.838671,0.544639,0.000000));
#750=VECTOR('',#749,1.308399);
#751=LINE('',#748,#750);
#752=EDGE_CURVE('BR50',#119,#121,#751,.T.);
#753=CARTESIAN_POINT('',(7.347316,-10.112712,0.000000));
#754=DIRECTION('',(0.777146,0.629320,0.000000));
#755=VECTOR('',#754,1.308399);
#756=LINE('',#753,#755);
#757=EDGE_CURVE('BR51',#121,#123,#756,.T.);
#758=CARTESIAN_POINT('',(8.364133,-9.289310,0.000000));
#759=DIRECTION('',(0.707107,0.707107,0.000000));
#760=VECTOR('',#759,1.308399);
#761=LINE('',#758,#760);
#762=EDGE_CURVE('BR52',#123,#125,#761,.T.);
#763=CARTESIAN_POINT('',(9.289310,-8.364133,0.000000));
#764=DIRECTION('',(0.629320,0.777146,0.000000));
#765=VECTOR('',#764,1.308399);
#766=LINE('',#763,#765);
#767=EDGE_CURVE('BR53',#125,#127,#766,.T.);
#768=CARTESIAN_POINT('',(10.112712,-7.347316,0.000000));
#769=DIRECTION('',(0.544639,0.838671,0.000000));
#770=VECTOR('',#769,1.308399);
#771=LINE('',#768,#770);
#772=EDGE_CURVE('BR54',#127,#129,#771,.T.);
#773=CARTESIAN_POINT('',(10.825318,-6.250000,0.000000));
#774=DIRECTION('',(0.453990,0.891007,0.000000));
#775=VECTOR('',#774,1.308399);
#776=LINE('',#773,#775);
#777=EDGE_CURVE('BR55',#129,#131,#776,.T.);
#778=CARTESIAN_POINT('',(11.419318,-5.084208,0.000000));
#779=DIRECTION('',(0.358368,0.933580,0.000000));
#780=VECTOR('',#779,1.308399);
#781=LINE('',#778,#780);
#782=EDGE_CURVE('BR56',#131,#133,#781,.T.);
#783=CARTESIAN_POINT('',(11.888206,-3.862712,0.000000));
#784=DIRECTION('',(0.258819,0.965926,0.000000));
#785=VECTOR('',#784,1.308399);
#786=LINE('',#783,#785);
#787=EDGE_CURVE('BR57',#133,#135,#786,.T.);
#788=CARTESIAN_POINT('',(12.226845,-2.598896,0.000000));
#789=DIRECTION('',(0.156434,0.987688,0.000000));
#790=VECTOR('',#789,1.308399);
#791=LINE('',#788,#790);
#792=EDGE_CURVE('BR58',#135,#137,#791,.T.);
#793=CARTESIAN_POINT('',(12.431524,-1.306606,0.000000));
#794=DIRECTION('',(0.052336,0.998630,0.000000));
#795=VECTOR('',#794,1.308399);
#796=LINE('',#793,#795);
#797=EDGE_CURVE('BR59',#137,#19,#796,.T.);
#798=CARTESIAN_POINT('',(12.500000,0.000000,0.000000));
#799=DIRECTION('',(0.000000,0.000000,1.000000));
#800=VECTOR('',#799,38.000000);
#801=LINE('',#798,#800);
#802=EDGE_CURVE('CV0',#19,#139,#801,.T.);
#803=CARTESIAN_POINT('',(12.431524,1.306606,0.000000));
#804=DIRECTION('',(0.000000,0.000000,1.000000));
#805=VECTOR('',#804,38.000000);
#806=LINE('',#803,#805);
#807=EDGE_CURVE('CV1',#21,#141,#806,.T.);
#808=CARTESIAN_POINT('',(12.226845,2.598896,0.000000));
#809=DIRECTION('',(0.000000,0.000000,1.000000));
#810=VECTOR('',#809,38.000000);
#811=LINE('',#808,#810);
#812=EDGE_CURVE('CV2',#23,#143,#811,.T.);
#813=CARTESIAN_POINT('',(11.888206,3.862712,0.000000));
#814=DIRECTION('',(0.000000,0.000000,1.000000));
#815=VECTOR('',#814,38.000000);
#816=LINE('',#813,#815);
#817=EDGE_CURVE('CV3',#25,#145,#816,.T.);
#818=CARTESIAN_POINT('',(11.419318,5.084208,0.000000));
#819=DIRECTION('',(0.000000,0.000000,1.000000));
#820=VECTOR('',#819,38.000000);
#821=LINE('',#818,#820);
#822=EDGE_CURVE('CV4',#27,#147,#821,.T.);
#823=CARTESIAN_POINT('',(10.825318,6.250000,0.000000));
#824=DIRECTION('',(0.000000,0.000000,1.000000));
#825=VECTOR('',#824,38.000000);
#826=LINE('',#823,#825);
#827=EDGE_CURVE('CV5',#29,#149,#826,.T.);
#828=CARTESIAN_POINT('',(10.112712,7.347316,0.000000));
#829=DIRECTION('',(0.000000,0.000000,1.000000));
#830=VECTOR('',#829,38.000000);
#831=LINE('',#828,#830);
#832=EDGE_CURVE('CV6',#31,#151,#831,.T.);
#833=CARTESIAN_POINT('',(9.289310,8.364133,0.000000));
#834=DIRECTION('',(0.000000,0.000000,1.000000));
#835=VECTOR('',#834,38.000000);
#836=LINE('',#833,#835);
#837=EDGE_CURVE('CV7',#33,#153,#836,.T.);
#838=CARTESIAN_POINT('',(8.364133,9.289310,0.000000));
#839=DIRECTION('',(0.000000,0.000000,1.000000));
#840=VECTOR('',#839,38.000000);
#841=LINE('',#838,#840);
#842=EDGE_CURVE('CV8',#35,#155,#841,.T.);
#843=CARTESIAN_POINT('',(7.347316,10.112712,0.000000));
#844=DIRECTION('',(0.000000,0.000000,1.000000));
#845=VECTOR('',#844,38.000000);
#846=LINE('',#843,#845);
#847=EDGE_CURVE('CV9',#37,#157,#846,.T.);
#848=CARTESIAN_POINT('',(6.250000,10.825318,0.000000));
#849=DIRECTION('',(0.000000,0.000000,1.000000));
#850=VECTOR('',#849,38.000000);
#851=LINE('',#848,#850);
#852=EDGE_CURVE('CV10',#39,#159,#851,.T.);
#853=CARTESIAN_POINT('',(5.084208,11.419318,0.000000));
#854=DIRECTION('',(0.000000,0.000000,1.000000));
#855=VECTOR('',#854,38.000000);
#856=LINE('',#853,#855);
#857=EDGE_CURVE('CV11',#41,#161,#856,.T.);
#858=CARTESIAN_POINT('',(3.862712,11.888206,0.000000));
#859=DIRECTION('',(0.000000,0.000000,1.000000));
#860=VECTOR('',#859,38.000000);
#861=LINE('',#858,#860);
#862=EDGE_CURVE('CV12',#43,#163,#861,.T.);
#863=CARTESIAN_POINT('',(2.598896,12.226845,0.000000));
#864=DIRECTION('',(0.000000,0.000000,1.000000));
#865=VECTOR('',#864,38.000000);
#866=LINE('',#863,#865);
#867=EDGE_CURVE('CV13',#45,#165,#866,.T.);
#868=CARTESIAN_POINT('',(1.306606,12.431524,0.000000));
#869=DIRECTION('',(0.000000,0.000000,1.000000));
#870=VECTOR('',#869,38.000000);
#871=LINE('',#868,#870);
#872=EDGE_CURVE('CV14',#47,#167,#871,.T.);
#873=CARTESIAN_POINT('',(0.000000,12.500000,0.000000));
#874=DIRECTION('',(0.000000,0.000000,1.000000));
#875=VECTOR('',#874,38.000000);
#876=LINE('',#873,#875);
#877=EDGE_CURVE('CV15',#49,#169,#876,.T.);
#878=CARTESIAN_POINT('',(-1.306606,12.431524,0.000000));
#879=DIRECTION('',(0.000000,0.000000,1.000000));
#880=VECTOR('',#879,38.000000);
#881=LINE('',#878,#880);
#882=EDGE_CURVE('CV16',#51,#171,#881,.T.);
#883=CARTESIAN_POINT('',(-2.598896,12.226845,0.000000));
#884=DIRECTION('',(0.000000,0.000000,1.000000));
#885=VECTOR('',#884,38.000000);
#886=LINE('',#883,#885);
#887=EDGE_CURVE('CV17',#53,#173,#886,.T.);
#888=CARTESIAN_POINT('',(-3.862712,11.888206,0.000000));
#889=DIRECTION('',(0.000000,0.000000,1.000000));
#890=VECTOR('',#889,38.000000);
#891=LINE('',#888,#890);
#892=EDGE_CURVE('CV18',#55,#175,#891,.T.);
#893=CARTESIAN_POINT('',(-5.084208,11.419318,0.000000));
#894=DIRECTION('',(0.000000,0.000000,1.000000));
#895=VECTOR('',#894,38.000000);
#896=LINE('',#893,#895);
#897=EDGE_CURVE('CV19',#57,#177,#896,.T.);
#898=CARTESIAN_POINT('',(-6.250000,10.825318,0.000000));
#899=DIRECTION('',(0.000000,0.000000,1.000000));
#900=VECTOR('',#899,38.000000);
#901=LINE('',#898,#900);
#902=EDGE_CURVE('CV20',#59,#179,#901,.T.);
#903=CARTESIAN_POINT('',(-7.347316,10.112712,0.000000));
#904=DIRECTION('',(0.000000,0.000000,1.000000));
#905=VECTOR('',#904,38.000000);
#906=LINE('',#903,#905);
#907=EDGE_CURVE('CV21',#61,#181,#906,.T.);
#908=CARTESIAN_POINT('',(-8.364133,9.289310,0.000000));
#909=DIRECTION('',(0.000000,0.000000,1.000000));
#910=VECTOR('',#909,38.000000);
#911=LINE('',#908,#910);
#912=EDGE_CURVE('CV22',#63,#183,#911,.T.);
#913=CARTESIAN_POINT('',(-9.289310,8.364133,0.000000));
#914=DIRECTION('',(0.000000,0.000000,1.000000));
#915=VECTOR('',#914,38.000000);
#916=LINE('',#913,#915);
#917=EDGE_CURVE('CV23',#65,#185,#916,.T.);
#918=CARTESIAN_POINT('',(-10.112712,7.347316,0.000000));
#919=DIRECTION('',(0.000000,0.000000,1.000000));
#920=VECTOR('',#919,38.000000);
#921=LINE('',#918,#920);
#922=EDGE_CURVE('CV24',#67,#187,#921,.T.);
#923=CARTESIAN_POINT('',(-10.825318,6.250000,0.000000));
#924=DIRECTION('',(0.000000,0.000000,1.000000));
#925=VECTOR('',#924,38.000000);
#926=LINE('',#923,#925);
#927=EDGE_CURVE('CV25',#69,#189,#926,.T.);
#928=CARTESIAN_POINT('',(-11.419318,5.084208,0.000000));
#929=DIRECTION('',(0.000000,0.000000,1.000000));
#930=VECTOR('',#929,38.000000);
#931=LINE('',#928,#930);
#932=EDGE_CURVE('CV26',#71,#191,#931,.T.);
#933=CARTESIAN_POINT('',(-11.888206,3.862712,0.000000));
#934=DIRECTION('',(0.000000,0.000000,1.000000));
#935=VECTOR('',#934,38.000000);
#936=LINE('',#933,#935);
#937=EDGE_CURVE('CV27',#73,#193,#936,.T.);
#938=CARTESIAN_POINT('',(-12.226845,2.598896,0.000000));
#939=DIRECTION('',(0.000000,0.000000,1.000000));
#940=VECTOR('',#939,38.000000);
#941=LINE('',#938,#940);
#942=EDGE_CURVE('CV28',#75,#195,#941,.T.);
#943=CARTESIAN_POINT('',(-12.431524,1.306606,0.000000));
#944=DIRECTION('',(0.000000,0.000000,1.000000));
#945=VECTOR('',#944,38.000000);
#946=LINE('',#943,#945);
#947=EDGE_CURVE('CV29',#77,#197,#946,.T.);
#948=CARTESIAN_POINT('',(-12.500000,0.000000,0.000000));
#949=DIRECTION('',(0.000000,0.000000,1.000000));
#950=VECTOR('',#949,38.000000);
#951=LINE('',#948,#950);
#952=EDGE_CURVE('CV30',#79,#199,#951,.T.);
#953=CARTESIAN_POINT('',(-12.431524,-1.306606,0.000000));
#954=DIRECTION('',(0.000000,0.000000,1.000000));
#955=VECTOR('',#954,38.000000);
#956=LINE('',#953,#955);
#957=EDGE_CURVE('CV31',#81,#201,#956,.T.);
#958=CARTESIAN_POINT('',(-12.226845,-2.598896,0.000000));
#959=DIRECTION('',(0.000000,0.000000,1.000000));
#960=VECTOR('',#959,38.000000);
#961=LINE('',#958,#960);
#962=EDGE_CURVE('CV32',#83,#203,#961,.T.);
#963=CARTESIAN_POINT('',(-11.888206,-3.862712,0.000000));
#964=DIRECTION('',(0.000000,0.000000,1.000000));
#965=VECTOR('',#964,38.000000);
#966=LINE('',#963,#965);
#967=EDGE_CURVE('CV33',#85,#205,#966,.T.);
#968=CARTESIAN_POINT('',(-11.419318,-5.084208,0.000000));
#969=DIRECTION('',(0.000000,0.000000,1.000000));
#970=VECTOR('',#969,38.000000);
#971=LINE('',#968,#970);
#972=EDGE_CURVE('CV34',#87,#207,#971,.T.);
#973=CARTESIAN_POINT('',(-10.825318,-6.250000,0.000000));
#974=DIRECTION('',(0.000000,0.000000,1.000000));
#975=VECTOR('',#974,38.000000);
#976=LINE('',#973,#975);
#977=EDGE_CURVE('CV35',#89,#209,#976,.T.);
#978=CARTESIAN_POINT('',(-10.112712,-7.347316,0.000000));
#979=DIRECTION('',(0.000000,0.000000,1.000000));
#980=VECTOR('',#979,38.000000);
#981=LINE('',#978,#980);
#982=EDGE_CURVE('CV36',#91,#211,#981,.T.);
#983=CARTESIAN_POINT('',(-9.289310,-8.364133,0.000000));
#984=DIRECTION('',(0.000000,0.000000,1.000000));
#985=VECTOR('',#984,38.000000);
#986=LINE('',#983,#985);
#987=EDGE_CURVE('CV37',#93,#213,#986,.T.);
#988=CARTESIAN_POINT('',(-8.364133,-9.289310,0.000000));
#989=DIRECTION('',(0.000000,0.000000,1.000000));
#990=VECTOR('',#989,38.000000);
#991=LINE('',#988,#990);
#992=EDGE_CURVE('CV38',#95,#215,#991,.T.);
#993=CARTESIAN_POINT('',(-7.347316,-10.112712,0.000000));
#994=DIRECTION('',(0.000000,0.000000,1.000000));
#995=VECTOR('',#994,38.000000);
#996=LINE('',#993,#995);
#997=EDGE_CURVE('CV39',#97,#217,#996,.T.);
#998=CARTESIAN_POINT('',(-6.250000,-10.825318,0.000000));
#999=DIRECTION('',(0.000000,0.000000,1.000000));
#1000=VECTOR('',#999,38.000000);
#1001=LINE('',#998,#1000);
#1002=EDGE_CURVE('CV40',#99,#219,#1001,.T.);
#1003=CARTESIAN_POINT('',(-5.084208,-11.419318,0.000000));
#1004=DIRECTION('',(0.000000,0.000000,1.000000));
#1005=VECTOR('',#1004,38.000000);
#1006=LINE('',#1003,#1005);
#1007=EDGE_CURVE('CV41',#101,#221,#1006,.T.);
#1008=CARTESIAN_POINT('',(-3.862712,-11.888206,0.000000));
#1009=DIRECTION('',(0.000000,0.000000,1.000000));
#1010=VECTOR('',#1009,38.000000);
#1011=LINE('',#1008,#1010);
#1012=EDGE_CURVE('CV42',#103,#223,#1011,.T.);
#1013=CARTESIAN_POINT('',(-2.598896,-12.226845,0.000000));
#1014=DIRECTION('',(0.000000,0.000000,1.000000));
#1015=VECTOR('',#1014,38.000000);
#1016=LINE('',#1013,#1015);
#1017=EDGE_CURVE('CV43',#105,#225,#1016,.T.);
#1018=CARTESIAN_POINT('',(-1.306606,-12.431524,0.000000));
#1019=DIRECTION('',(0.000000,0.000000,1.000000));
#1020=VECTOR('',#1019,38.000000);
#1021=LINE('',#1018,#1020);
#1022=EDGE_CURVE('CV44',#107,#227,#1021,.T.);
#1023=CARTESIAN_POINT('',(-0.000000,-12.500000,0.000000));
#1024=DIRECTION('',(0.000000,0.000000,1.000000));
#1025=VECTOR('',#1024,38.000000);
#1026=LINE('',#1023,#1025);
#1027=EDGE_CURVE('CV45',#109,#229,#1026,.T.);
#1028=CARTESIAN_POINT('',(1.306606,-12.431524,0.000000));
#1029=DIRECTION('',(0.000000,0.000000,1.000000));
#1030=VECTOR('',#1029,38.000000);
#1031=LINE('',#1028,#1030);
#1032=EDGE_CURVE('CV46',#111,#231,#1031,.T.);
#1033=CARTESIAN_POINT('',(2.598896,-12.226845,0.000000));
#1034=DIRECTION('',(0.000000,0.000000,1.000000));
#1035=VECTOR('',#1034,38.000000);
#1036=LINE('',#1033,#1035);
#1037=EDGE_CURVE('CV47',#113,#233,#1036,.T.);
#1038=CARTESIAN_POINT('',(3.862712,-11.888206,0.000000));
#1039=DIRECTION('',(0.000000,0.000000,1.000000));
#1040=VECTOR('',#1039,38.000000);
#1041=LINE('',#1038,#1040);
#1042=EDGE_CURVE('CV48',#115,#235,#1041,.T.);
#1043=CARTESIAN_POINT('',(5.084208,-11.419318,0.000000));
#1044=DIRECTION('',(0.000000,0.000000,1.000000));
#1045=VECTOR('',#1044,38.000000);
#1046=LINE('',#1043,#1045);
#1047=EDGE_CURVE('CV49',#117,#237,#1046,.T.);
#1048=CARTESIAN_POINT('',(6.250000,-10.825318,0.000000));
#1049=DIRECTION('',(0.000000,0.000000,1.000000));
#1050=VECTOR('',#1049,38.000000);
#1051=LINE('',#1048,#1050);
#1052=EDGE_CURVE('CV50',#119,#239,#1051,.T.);
#1053=CARTESIAN_POINT('',(7.347316,-10.112712,0.000000));
#1054=DIRECTION('',(0.000000,0.000000,1.000000));
#1055=VECTOR('',#1054,38.000000);
#1056=LINE('',#1053,#1055);
#1057=EDGE_CURVE('CV51',#121,#241,#1056,.T.);
#1058=CARTESIAN_POINT('',(8.364133,-9.289310,0.000000));
#1059=DIRECTION('',(0.000000,0.000000,1.000000));
#1060=VECTOR('',#1059,38.000000);
#1061=LINE('',#1058,#1060);
#1062=EDGE_CURVE('CV52',#123,#243,#1061,.T.);
#1063=CARTESIAN_POINT('',(9.289310,-8.364133,0.000000));
#1064=DIRECTION('',(0.000000,0.000000,1.000000));
#1065=VECTOR('',#1064,38.000000);
#1066=LINE('',#1063,#1065);
#1067=EDGE_CURVE('CV53',#125,#245,#1066,.T.);
#1068=CARTESIAN_POINT('',(10.112712,-7.347316,0.000000));
#1069=DIRECTION('',(0.000000,0.000000,1.000000));
#1070=VECTOR('',#1069,38.000000);
#1071=LINE('',#1068,#1070);
#1072=EDGE_CURVE('CV54',#127,#247,#1071,.T.);
#1073=CARTESIAN_POINT('',(10.825318,-6.250000,0.000000));
#1074=DIRECTION('',(0.000000,0.000000,1.000000));
#1075=VECTOR('',#1074,38.000000);
#1076=LINE('',#1073,#1075);
#1077=EDGE_CURVE('CV55',#129,#249,#1076,.T.);
#1078=CARTESIAN_POINT('',(11.419318,-5.084208,0.000000));
#1079=DIRECTION('',(0.000000,0.000000,1.000000));
#1080=VECTOR('',#1079,38.000000);
#1081=LINE('',#1078,#1080);
#1082=EDGE_CURVE('CV56',#131,#251,#1081,.T.);
#1083=CARTESIAN_POINT('',(11.888206,-3.862712,0.000000));
#1084=DIRECTION('',(0.000000,0.000000,1.000000));
#1085=VECTOR('',#1084,38.000000);
#1086=LINE('',#1083,#1085);
#1087=EDGE_CURVE('CV57',#133,#253,#1086,.T.);
#1088=CARTESIAN_POINT('',(12.226845,-2.598896,0.000000));
#1089=DIRECTION('',(0.000000,0.000000,1.000000));
#1090=VECTOR('',#1089,38.000000);
#1091=LINE('',#1088,#1090);
#1092=EDGE_CURVE('CV58',#135,#255,#1091,.T.);
#1093=CARTESIAN_POINT('',(12.431524,-1.306606,0.000000));
#1094=DIRECTION('',(0.000000,0.000000,1.000000));
#1095=VECTOR('',#1094,38.000000);
#1096=LINE('',#1093,#1095);
#1097=EDGE_CURVE('CV59',#137,#257,#1096,.T.);
#1098=CARTESIAN_POINT('',(12.500000,0.000000,38.000000));
#1099=DIRECTION('',(-0.052336,0.998630,0.000000));
#1100=VECTOR('',#1099,1.308399);
#1101=LINE('',#1098,#1100);
#1102=EDGE_CURVE('CR0',#139,#141,#1101,.T.);
#1103=CARTESIAN_POINT('',(12.431524,1.306606,38.000000));
#1104=DIRECTION('',(-0.156434,0.987688,0.000000));
#1105=VECTOR('',#1104,1.308399);
#1106=LINE('',#1103,#1105);
#1107=EDGE_CURVE('CR1',#141,#143,#1106,.T.);
#1108=CARTESIAN_POINT('',(12.226845,2.598896,38.000000));
#1109=DIRECTION('',(-0.258819,0.965926,0.000000));
#1110=VECTOR('',#1109,1.308399);
#1111=LINE('',#1108,#1110);
#1112=EDGE_CURVE('CR2',#143,#145,#1111,.T.);
#1113=CARTESIAN_POINT('',(11.888206,3.862712,38.000000));
#1114=DIRECTION('',(-0.358368,0.933580,0.000000));
#1115=VECTOR('',#1114,1.308399);
#1116=LINE('',#1113,#1115);
#1117=EDGE_CURVE('CR3',#145,#147,#1116,.T.);
#1118=CARTESIAN_POINT('',(11.419318,5.084208,38.000000));
#1119=DIRECTION('',(-0.453990,0.891007,0.000000));
#1120=VECTOR('',#1119,1.308399);
#1121=LINE('',#1118,#1120);
#1122=EDGE_CURVE('CR4',#147,#149,#1121,.T.);
#1123=CARTESIAN_POINT('',(10.825318,6.250000,38.000000));
#1124=DIRECTION('',(-0.544639,0.838671,0.000000));
#1125=VECTOR('',#1124,1.308399);
#1126=LINE('',#1123,#1125);
#1127=EDGE_CURVE('CR5',#149,#151,#1126,.T.);
#1128=CARTESIAN_POINT('',(10.112712,7.347316,38.000000));
#1129=DIRECTION('',(-0.629320,0.777146,0.000000));
#1130=VECTOR('',#1129,1.308399);
#1131=LINE('',#1128,#1130);
#1132=EDGE_CURVE('CR6',#151,#153,#1131,.T.);
#1133=CARTESIAN_POINT('',(9.289310,8.364133,38.000000));
#1134=DIRECTION('',(-0.707107,0.707107,0.000000));
#1135=VECTOR('',#1134,1.308399);
#1136=LINE('',#1133,#1135);
#1137=EDGE_CURVE('CR7',#153,#155,#1136,.T.);
#1138=CARTESIAN_POINT('',(8.364133,9.289310,38.000000));
#1139=DIRECTION('',(-0.777146,0.629320,0.000000));
#1140=VECTOR('',#1139,1.308399);
#1141=LINE('',#1138,#1140);
#1142=EDGE_CURVE('CR8',#155,#157,#1141,.T.);
#1143=CARTESIAN_POINT('',(7.347316,10.112712,38.000000));
#1144=DIRECTION('',(-0.838671,0.544639,0.000000));
#1145=VECTOR('',#1144,1.308399);
#1146=LINE('',#1143,#1145);
#1147=EDGE_CURVE('CR9',#157,#159,#1146,.T.);
#1148=CARTESIAN_POINT('',(6.250000,10.825318,38.000000));
#1149=DIRECTION('',(-0.891007,0.453990,0.000000));
#1150=VECTOR('',#1149,1.308399);
#1151=LINE('',#1148,#1150);
#1152=EDGE_CURVE('CR10',#159,#161,#1151,.T.);
#1153=CARTESIAN_POINT('',(5.084208,11.419318,38.000000));
#1154=DIRECTION('',(-0.933580,0.358368,0.000000));
#1155=VECTOR('',#1154,1.308399);
#1156=LINE('',#1153,#1155);
#1157=EDGE_CURVE('CR11',#161,#163,#1156,.T.);
#1158=CARTESIAN_POINT('',(3.862712,11.888206,38.000000));
#1159=DIRECTION('',(-0.965926,0.258819,0.000000));
#1160=VECTOR('',#1159,1.308399);
#1161=LINE('',#1158,#1160);
#1162=EDGE_CURVE('CR12',#163,#165,#1161,.T.);
#1163=CARTESIAN_POINT('',(2.598896,12.226845,38.000000));
#1164=DIRECTION('',(-0.987688,0.156434,0.000000));
#1165=VECTOR('',#1164,1.308399);
#1166=LINE('',#1163,#1165);
#1167=EDGE_CURVE('CR13',#165,#167,#1166,.T.);
#1168=CARTESIAN_POINT('',(1.306606,12.431524,38.000000));
#1169=DIRECTION('',(-0.998630,0.052336,0.000000));
#1170=VECTOR('',#1169,1.308399);
#1171=LINE('',#1168,#1170);
#1172=EDGE_CURVE('CR14',#167,#169,#1171,.T.);
#1173=CARTESIAN_POINT('',(0.000000,12.500000,38.000000));
#1174=DIRECTION('',(-0.998630,-0.052336,0.000000));
#1175=VECTOR('',#1174,1.308399);
#1176=LINE('',#1173,#1175);
#1177=EDGE_CURVE('CR15',#169,#171,#1176,.T.);
#1178=CARTESIAN_POINT('',(-1.306606,12.431524,38.000000));
#1179=DIRECTION('',(-0.987688,-0.156434,0.000000));
#1180=VECTOR('',#1179,1.308399);
#1181=LINE('',#1178,#1180);
#1182=EDGE_CURVE('CR16',#171,#173,#1181,.T.);
#1183=CARTESIAN_POINT('',(-2.598896,12.226845,38.000000));
#1184=DIRECTION('',(-0.965926,-0.258819,0.000000));
#1185=VECTOR('',#1184,1.308399);
#1186=LINE('',#1183,#1185);
#1187=EDGE_CURVE('CR17',#173,#175,#1186,.T.);
#1188=CARTESIAN_POINT('',(-3.862712,11.888206,38.000000));
#1189=DIRECTION('',(-0.933580,-0.358368,0.000000));
#1190=VECTOR('',#1189,1.308399);
#1191=LINE('',#1188,#1190);
#1192=EDGE_CURVE('CR18',#175,#177,#1191,.T.);
#1193=CARTESIAN_POINT('',(-5.084208,11.419318,38.000000));
#1194=DIRECTION('',(-0.891007,-0.453990,0.000000));
#1195=VECTOR('',#1194,1.308399);
#1196=LINE('',#1193,#1195);
#1197=EDGE_CURVE('CR19',#177,#179,#1196,.T.);
#1198=CARTESIAN_POINT('',(-6.250000,10.825318,38.000000));
#1199=DIRECTION('',(-0.838671,-0.544639,0.000000));
#1200=VECTOR('',#1199,1.308399);
#1201=LINE('',#1198,#1200);
#1202=EDGE_CURVE('CR20',#179,#181,#1201,.T.);
#1203=CARTESIAN_POINT('',(-7.347316,10.112712,38.000000));
#1204=DIRECTION('',(-0.777146,-0.629320,0.000000));
#1205=VECTOR('',#1204,1.308399);
#1206=LINE('',#1203,#1205);
#1207=EDGE_CURVE('CR21',#181,#183,#1206,.T.);
#1208=CARTESIAN_POINT('',(-8.364133,9.289310,38.000000));
#1209=DIRECTION('',(-0.707107,-0.707107,0.000000));
#1210=VECTOR('',#1209,1.308399);
#1211=LINE('',#1208,#1210);
#1212=EDGE_CURVE('CR22',#183,#185,#1211,.T.);
#1213=CARTESIAN_POINT('',(-9.289310,8.364133,38.000000));
#1214=DIRECTION('',(-0.629320,-0.777146,0.000000));
#1215=VECTOR('',#1214,1.308399);
#1216=LINE('',#1213,#1215);
#1217=EDGE_CURVE('CR23',#185,#187,#1216,.T.);
#1218=CARTESIAN_POINT('',(-10.112712,7.347316,38.000000));
#1219=DIRECTION('',(-0.544639,-0.838671,0.000000));
#1220=VECTOR('',#1219,1.308399);
#1221=LINE('',#1218,#1220);
#1222=EDGE_CURVE('CR24',#187,#189,#1221,.T.);
#1223=CARTESIAN_POINT('',(-10.825318,6.250000,38.000000));
#1224=DIRECTION('',(-0.453990,-0.891007,0.000000));
#1225=VECTOR('',#1224,1.308399);
#1226=LINE('',#1223,#1225);
#1227=EDGE_CURVE('CR25',#189,#191,#1226,.T.);
#1228=CARTESIAN_POINT('',(-11.419318,5.084208,38.000000));
#1229=DIRECTION('',(-0.358368,-0.933580,0.000000));
#1230=VECTOR('',#1229,1.308399);
#1231=LINE('',#1228,#1230);
#1232=EDGE_CURVE('CR26',#191,#193,#1231,.T.);
#1233=CARTESIAN_POINT('',(-11.888206,3.862712,38.000000));
#1234=DIRECTION('',(-0.258819,-0.965926,0.000000));
#1235=VECTOR('',#1234,1.308399);
#1236=LINE('',#1233,#1235);
#1237=EDGE_CURVE('CR27',#193,#195,#1236,.T.);
#1238=CARTESIAN_POINT('',(-12.226845,2.598896,38.000000));
#1239=DIRECTION('',(-0.156434,-0.987688,0.000000));
#1240=VECTOR('',#1239,1.308399);
#1241=LINE('',#1238,#1240);
#1242=EDGE_CURVE('CR28',#195,#197,#1241,.T.);
#1243=CARTESIAN_POINT('',(-12.431524,1.306606,38.000000));
#1244=DIRECTION('',(-0.052336,-0.998630,0.000000));
#1245=VECTOR('',#1244,1.308399);
#1246=LINE('',#1243,#1245);
#1247=EDGE_CURVE('CR29',#197,#199,#1246,.T.);
#1248=CARTESIAN_POINT('',(-12.500000,0.000000,38.000000));
#1249=DIRECTION('',(0.052336,-0.998630,0.000000));
#1250=VECTOR('',#1249,1.308399);
#1251=LINE('',#1248,#1250);
#1252=EDGE_CURVE('CR30',#199,#201,#1251,.T.);
#1253=CARTESIAN_POINT('',(-12.431524,-1.306606,38.000000));
#1254=DIRECTION('',(0.156434,-0.987688,0.000000));
#1255=VECTOR('',#1254,1.308399);
#1256=LINE('',#1253,#1255);
#1257=EDGE_CURVE('CR31',#201,#203,#1256,.T.);
#1258=CARTESIAN_POINT('',(-12.226845,-2.598896,38.000000));
#1259=DIRECTION('',(0.258819,-0.965926,0.000000));
#1260=VECTOR('',#1259,1.308399);
#1261=LINE('',#1258,#1260);
#1262=EDGE_CURVE('CR32',#203,#205,#1261,.T.);
#1263=CARTESIAN_POINT('',(-11.888206,-3.862712,38.000000));
#1264=DIRECTION('',(0.358368,-0.933580,0.000000));
#1265=VECTOR('',#1264,1.308399);
#1266=LINE('',#1263,#1265);
#1267=EDGE_CURVE('CR33',#205,#207,#1266,.T.);
#1268=CARTESIAN_POINT('',(-11.419318,-5.084208,38.000000));
#1269=DIRECTION('',(0.453990,-0.891007,0.000000));
#1270=VECTOR('',#1269,1.308399);
#1271=LINE('',#1268,#1270);
#1272=EDGE_CURVE('CR34',#207,#209,#1271,.T.);
#1273=CARTESIAN_POINT('',(-10.825318,-6.250000,38.000000));
#1274=DIRECTION('',(0.544639,-0.838671,0.000000));
#1275=VECTOR('',#1274,1.308399);
#1276=LINE('',#1273,#1275);
#1277=EDGE_CURVE('CR35',#209,#211,#1276,.T.);
#1278=CARTESIAN_POINT('',(-10.112712,-7.347316,38.000000));
#1279=DIRECTION('',(0.629320,-0.777146,0.000000));
#1280=VECTOR('',#1279,1.308399);
#1281=LINE('',#1278,#1280);
#1282=EDGE_CURVE('CR36',#211,#213,#1281,.T.);
#1283=CARTESIAN_POINT('',(-9.289310,-8.364133,38.000000));
#1284=DIRECTION('',(0.707107,-0.707107,0.000000));
#1285=VECTOR('',#1284,1.308399);
#1286=LINE('',#1283,#1285);
#1287=EDGE_CURVE('CR37',#213,#215,#1286,.T.);
#1288=CARTESIAN_POINT('',(-8.364133,-9.289310,38.000000));
#1289=DIRECTION('',(0.777146,-0.629320,0.000000));
#1290=VECTOR('',#1289,1.308399);
#1291=LINE('',#1288,#1290);
#1292=EDGE_CURVE('CR38',#215,#217,#1291,.T.);
#1293=CARTESIAN_POINT('',(-7.347316,-10.112712,38.000000));
#1294=DIRECTION('',(0.838671,-0.544639,0.000000));
#1295=VECTOR('',#1294,1.308399);
#1296=LINE('',#1293,#1295);
#1297=EDGE_CURVE('CR39',#217,#219,#1296,.T.);
#1298=CARTESIAN_POINT('',(-6.250000,-10.825318,38.000000));
#1299=DIRECTION('',(0.891007,-0.453990,0.000000));
#1300=VECTOR('',#1299,1.308399);
#1301=LINE('',#1298,#1300);
#1302=EDGE_CURVE('CR40',#219,#221,#1301,.T.);
#1303=CARTESIAN_POINT('',(-5.084208,-11.419318,38.000000));
#1304=DIRECTION('',(0.933580,-0.358368,0.000000));
#1305=VECTOR('',#1304,1.308399);
#1306=LINE('',#1303,#1305);
#1307=EDGE_CURVE('CR41',#221,#223,#1306,.T.);
#1308=CARTESIAN_POINT('',(-3.862712,-11.888206,38.000000));
#1309=DIRECTION('',(0.965926,-0.258819,0.000000));
#1310=VECTOR('',#1309,1.308399);
#1311=LINE('',#1308,#1310);
#1312=EDGE_CURVE('CR42',#223,#225,#1311,.T.);
#1313=CARTESIAN_POINT('',(-2.598896,-12.226845,38.000000));
#1314=DIRECTION('',(0.987688,-0.156434,0.000000));
#1315=VECTOR('',#1314,1.308399);
#1316=LINE('',#1313,#1315);
#1317=EDGE_CURVE('CR43',#225,#227,#1316,.T.);
#1318=CARTESIAN_POINT('',(-1.306606,-12.431524,38.000000));
#1319=DIRECTION('',(0.998630,-0.052336,0.000000));
#1320=VECTOR('',#1319,1.308399);
#1321=LINE('',#1318,#1320);
#1322=EDGE_CURVE('CR44',#227,#229,#1321,.T.);
#1323=CARTESIAN_POINT('',(-0.000000,-12.500000,38.000000));
#1324=DIRECTION('',(0.998630,0.052336,0.000000));
#1325=VECTOR('',#1324,1.308399);
#1326=LINE('',#1323,#1325);
#1327=EDGE_CURVE('CR45',#229,#231,#1326,.T.);
#1328=CARTESIAN_POINT('',(1.306606,-12.431524,38.000000));
#1329=DIRECTION('',(0.987688,0.156434,0.000000));
#1330=VECTOR('',#1329,1.308399);
#1331=LINE('',#1328,#1330);
#1332=EDGE_CURVE('CR46',#231,#233,#1331,.T.);
#1333=CARTESIAN_POINT('',(2.598896,-12.226845,38.000000));
#1334=DIRECTION('',(0.965926,0.258819,0.000000));
#1335=VECTOR('',#1334,1.308399);
#1336=LINE('',#1333,#1335);
#1337=EDGE_CURVE('CR47',#233,#235,#1336,.T.);
#1338=CARTESIAN_POINT('',(3.862712,-11.888206,38.000000));
#1339=DIRECTION('',(0.933580,0.358368,0.000000));
#1340=VECTOR('',#1339,1.308399);
#1341=LINE('',#1338,#1340);
#1342=EDGE_CURVE('CR48',#235,#237,#1341,.T.);
#1343=CARTESIAN_POINT('',(5.084208,-11.419318,38.000000));
#1344=DIRECTION('',(0.891007,0.453990,0.000000));
#1345=VECTOR('',#1344,1.308399);
#1346=LINE('',#1343,#1345);
#1347=EDGE_CURVE('CR49',#237,#239,#1346,.T.);
#1348=CARTESIAN_POINT('',(6.250000,-10.825318,38.000000));
#1349=DIRECTION('',(0.838671,0.544639,0.000000));
#1350=VECTOR('',#1349,1.308399);
#1351=LINE('',#1348,#1350);
#1352=EDGE_CURVE('CR50',#239,#241,#1351,.T.);
#1353=CARTESIAN_POINT('',(7.347316,-10.112712,38.000000));
#1354=DIRECTION('',(0.777146,0.629320,0.000000));
#1355=VECTOR('',#1354,1.308399);
#1356=LINE('',#1353,#1355);
#1357=EDGE_CURVE('CR51',#241,#243,#1356,.T.);
#1358=CARTESIAN_POINT('',(8.364133,-9.289310,38.000000));
#1359=DIRECTION('',(0.707107,0.707107,0.000000));
#1360=VECTOR('',#1359,1.308399);
#1361=LINE('',#1358,#1360);
#1362=EDGE_CURVE('CR52',#243,#245,#1361,.T.);
#1363=CARTESIAN_POINT('',(9.289310,-8.364133,38.000000));
#1364=DIRECTION('',(0.629320,0.777146,0.000000));
#1365=VECTOR('',#1364,1.308399);
#1366=LINE('',#1363,#1365);
#1367=EDGE_CURVE('CR53',#245,#247,#1366,.T.);
#1368=CARTESIAN_POINT('',(10.112712,-7.347316,38.000000));
#1369=DIRECTION('',(0.544639,0.838671,0.000000));
#1370=VECTOR('',#1369,1.308399);
#1371=LINE('',#1368,#1370);
#1372=EDGE_CURVE('CR54',#247,#249,#1371,.T.);
#1373=CARTESIAN_POINT('',(10.825318,-6.250000,38.000000));
#1374=DIRECTION('',(0.453990,0.891007,0.000000));
#1375=VECTOR('',#1374,1.308399);
#1376=LINE('',#1373,#1375);
#1377=EDGE_CURVE('CR55',#249,#251,#1376,.T.);
#1378=CARTESIAN_POINT('',(11.419318,-5.084208,38.000000));
#1379=DIRECTION('',(0.358368,0.933580,0.000000));
#1380=VECTOR('',#1379,1.308399);
#1381=LINE('',#1378,#1380);
#1382=EDGE_CURVE('CR56',#251,#253,#1381,.T.);
#1383=CARTESIAN_POINT('',(11.888206,-3.862712,38.000000));
#1384=DIRECTION('',(0.258819,0.965926,0.000000));
#1385=VECTOR('',#1384,1.308399);
#1386=LINE('',#1383,#1385);
#1387=EDGE_CURVE('CR57',#253,#255,#1386,.T.);
#1388=CARTESIAN_POINT('',(12.226845,-2.598896,38.000000));
#1389=DIRECTION('',(0.156434,0.987688,0.000000));
#1390=VECTOR('',#1389,1.308399);
#1391=LINE('',#1388,#1390);
#1392=EDGE_CURVE('CR58',#255,#257,#1391,.T.);
#1393=CARTESIAN_POINT('',(12.431524,-1.306606,38.000000));
#1394=DIRECTION('',(0.052336,0.998630,0.000000));
#1395=VECTOR('',#1394,1.308399);
#1396=LINE('',#1393,#1395);
#1397=EDGE_CURVE('CR59',#257,#139,#1396,.T.);
#1398=CARTESIAN_POINT('',(2.608790,24.820979,38.000000));
#1399=DIRECTION('',(-0.866020,0.500009,0.000000));
#1400=VECTOR('',#1399,3.012389);
#1401=LINE('',#1398,#1400);
#1402=EDGE_CURVE('TB0',#259,#261,#1401,.T.);
#1403=CARTESIAN_POINT('',(0.000000,26.327200,38.000000));
#1404=DIRECTION('',(-0.866020,-0.500009,0.000000));
#1405=VECTOR('',#1404,3.012389);
#1406=LINE('',#1403,#1405);
#1407=EDGE_CURVE('TB1',#261,#263,#1406,.T.);
#1408=CARTESIAN_POINT('',(-2.608790,24.820979,38.000000));
#1409=DIRECTION('',(-0.951053,0.309027,0.000000));
#1410=VECTOR('',#1409,3.012389);
#1411=LINE('',#1408,#1410);
#1412=EDGE_CURVE('TB2',#263,#265,#1411,.T.);
#1413=CARTESIAN_POINT('',(-5.473733,25.751888,38.000000));
#1414=DIRECTION('',(-0.743138,-0.669138,0.000000));
#1415=VECTOR('',#1414,3.012389);
#1416=LINE('',#1413,#1415);
#1417=EDGE_CURVE('TB3',#265,#267,#1416,.T.);
#1418=CARTESIAN_POINT('',(-7.712353,23.736183,38.000000));
#1419=DIRECTION('',(-0.994521,0.104539,0.000000));
#1420=VECTOR('',#1419,3.012389);
#1421=LINE('',#1418,#1420);
#1422=EDGE_CURVE('TB4',#267,#269,#1421,.T.);
#1423=CARTESIAN_POINT('',(-10.708237,24.051094,38.000000));
#1424=DIRECTION('',(-0.587777,-0.809023,0.000000));
#1425=VECTOR('',#1424,3.012389);
#1426=LINE('',#1423,#1425);
#1427=EDGE_CURVE('TB5',#269,#271,#1426,.T.);
#1428=CARTESIAN_POINT('',(-12.478850,21.614002,38.000000));
#1429=DIRECTION('',(-0.994523,-0.104518,0.000000));
#1430=VECTOR('',#1429,3.012389);
#1431=LINE('',#1428,#1430);
#1432=EDGE_CURVE('TB6',#271,#273,#1431,.T.);
#1433=CARTESIAN_POINT('',(-15.474740,21.299152,38.000000));
#1434=DIRECTION('',(-0.406727,-0.913550,0.000000));
#1435=VECTOR('',#1434,3.012389);
#1436=LINE('',#1433,#1435);
#1437=EDGE_CURVE('TB7',#273,#275,#1436,.T.);
#1438=CARTESIAN_POINT('',(-16.699961,18.547186,38.000000));
#1439=DIRECTION('',(-0.951060,-0.309007,0.000000));
#1440=VECTOR('',#1439,3.012389);
#1441=LINE('',#1438,#1440);
#1442=EDGE_CURVE('TB8',#275,#277,#1441,.T.);
#1443=CARTESIAN_POINT('',(-19.564922,17.616335,38.000000));
#1444=DIRECTION('',(-0.207902,-0.978150,0.000000));
#1445=VECTOR('',#1444,3.012389);
#1446=LINE('',#1443,#1445);
#1447=EDGE_CURVE('TB9',#277,#279,#1446,.T.);
#1448=CARTESIAN_POINT('',(-20.191203,14.669768,38.000000));
#1449=DIRECTION('',(-0.866030,-0.499991,0.000000));
#1450=VECTOR('',#1449,3.012389);
#1451=LINE('',#1448,#1450);
#1452=EDGE_CURVE('TB10',#279,#281,#1451,.T.);
#1453=CARTESIAN_POINT('',(-22.800024,13.163600,38.000000));
#1454=DIRECTION('',(0.000010,-1.000000,0.000000));
#1455=VECTOR('',#1454,3.012389);
#1456=LINE('',#1453,#1455);
#1457=EDGE_CURVE('TB11',#281,#283,#1456,.T.);
#1458=CARTESIAN_POINT('',(-22.799993,10.151211,38.000000));
#1459=DIRECTION('',(-0.743152,-0.669123,0.000000));
#1460=VECTOR('',#1459,3.012389);
#1461=LINE('',#1458,#1460);
#1462=EDGE_CURVE('TB12',#283,#285,#1461,.T.);
#1463=CARTESIAN_POINT('',(-25.038655,8.135552,38.000000));
#1464=DIRECTION('',(0.207922,-0.978145,0.000000));
#1465=VECTOR('',#1464,3.012389);
#1466=LINE('',#1463,#1465);
#1467=EDGE_CURVE('TB13',#285,#287,#1466,.T.);
#1468=CARTESIAN_POINT('',(-24.412314,5.188998,38.000000));
#1469=DIRECTION('',(-0.587793,-0.809011,0.000000));
#1470=VECTOR('',#1469,3.012389);
#1471=LINE('',#1468,#1470);
#1472=EDGE_CURVE('TB14',#287,#289,#1471,.T.);
#1473=CARTESIAN_POINT('',(-26.182977,2.751942,38.000000));
#1474=DIRECTION('',(0.406746,-0.913541,0.000000));
#1475=VECTOR('',#1474,3.012389);
#1476=LINE('',#1473,#1475);
#1477=EDGE_CURVE('TB15',#289,#291,#1476,.T.);
#1478=CARTESIAN_POINT('',(-24.957700,0.000000,38.000000));
#1479=DIRECTION('',(-0.406746,-0.913541,0.000000));
#1480=VECTOR('',#1479,3.012389);
#1481=LINE('',#1478,#1480);
#1482=EDGE_CURVE('TB16',#291,#293,#1481,.T.);
#1483=CARTESIAN_POINT('',(-26.182977,-2.751942,38.000000));
#1484=DIRECTION('',(0.587793,-0.809011,0.000000));
#1485=VECTOR('',#1484,3.012389);
#1486=LINE('',#1483,#1485);
#1487=EDGE_CURVE('TB17',#293,#295,#1486,.T.);
#1488=CARTESIAN_POINT('',(-24.412314,-5.188998,38.000000));
#1489=DIRECTION('',(-0.207922,-0.978145,0.000000));
#1490=VECTOR('',#1489,3.012389);
#1491=LINE('',#1488,#1490);
#1492=EDGE_CURVE('TB18',#295,#297,#1491,.T.);
#1493=CARTESIAN_POINT('',(-25.038655,-8.135552,38.000000));
#1494=DIRECTION('',(0.743152,-0.669123,0.000000));
#1495=VECTOR('',#1494,3.012389);
#1496=LINE('',#1493,#1495);
#1497=EDGE_CURVE('TB19',#297,#299,#1496,.T.);
#1498=CARTESIAN_POINT('',(-22.799993,-10.151211,38.000000));
#1499=DIRECTION('',(-0.000010,-1.000000,0.000000));
#1500=VECTOR('',#1499,3.012389);
#1501=LINE('',#1498,#1500);
#1502=EDGE_CURVE('TB20',#299,#301,#1501,.T.);
#1503=CARTESIAN_POINT('',(-22.800024,-13.163600,38.000000));
#1504=DIRECTION('',(0.866030,-0.499991,0.000000));
#1505=VECTOR('',#1504,3.012389);
#1506=LINE('',#1503,#1505);
#1507=EDGE_CURVE('TB21',#301,#303,#1506,.T.);
#1508=CARTESIAN_POINT('',(-20.191203,-14.669768,38.000000));
#1509=DIRECTION('',(0.207902,-0.978150,0.000000));
#1510=VECTOR('',#1509,3.012389);
#1511=LINE('',#1508,#1510);
#1512=EDGE_CURVE('TB22',#303,#305,#1511,.T.);
#1513=CARTESIAN_POINT('',(-19.564922,-17.616335,38.000000));
#1514=DIRECTION('',(0.951060,-0.309007,0.000000));
#1515=VECTOR('',#1514,3.012389);
#1516=LINE('',#1513,#1515);
#1517=EDGE_CURVE('TB23',#305,#307,#1516,.T.);
#1518=CARTESIAN_POINT('',(-16.699961,-18.547186,38.000000));
#1519=DIRECTION('',(0.406727,-0.913550,0.000000));
#1520=VECTOR('',#1519,3.012389);
#1521=LINE('',#1518,#1520);
#1522=EDGE_CURVE('TB24',#307,#309,#1521,.T.);
#1523=CARTESIAN_POINT('',(-15.474740,-21.299152,38.000000));
#1524=DIRECTION('',(0.994523,-0.104518,0.000000));
#1525=VECTOR('',#1524,3.012389);
#1526=LINE('',#1523,#1525);
#1527=EDGE_CURVE('TB25',#309,#311,#1526,.T.);
#1528=CARTESIAN_POINT('',(-12.478850,-21.614002,38.000000));
#1529=DIRECTION('',(0.587777,-0.809023,0.000000));
#1530=VECTOR('',#1529,3.012389);
#1531=LINE('',#1528,#1530);
#1532=EDGE_CURVE('TB26',#311,#313,#1531,.T.);
#1533=CARTESIAN_POINT('',(-10.708237,-24.051094,38.000000));
#1534=DIRECTION('',(0.994521,0.104539,0.000000));
#1535=VECTOR('',#1534,3.012389);
#1536=LINE('',#1533,#1535);
#1537=EDGE_CURVE('TB27',#313,#315,#1536,.T.);
#1538=CARTESIAN_POINT('',(-7.712353,-23.736183,38.000000));
#1539=DIRECTION('',(0.743138,-0.669138,0.000000));
#1540=VECTOR('',#1539,3.012389);
#1541=LINE('',#1538,#1540);
#1542=EDGE_CURVE('TB28',#315,#317,#1541,.T.);
#1543=CARTESIAN_POINT('',(-5.473733,-25.751888,38.000000));
#1544=DIRECTION('',(0.951053,0.309027,0.000000));
#1545=VECTOR('',#1544,3.012389);
#1546=LINE('',#1543,#1545);
#1547=EDGE_CURVE('TB29',#317,#319,#1546,.T.);
#1548=CARTESIAN_POINT('',(-2.608790,-24.820979,38.000000));
#1549=DIRECTION('',(0.866020,-0.500009,0.000000));
#1550=VECTOR('',#1549,3.012389);
#1551=LINE('',#1548,#1550);
#1552=EDGE_CURVE('TB30',#319,#321,#1551,.T.);
#1553=CARTESIAN_POINT('',(-0.000000,-26.327200,38.000000));
#1554=DIRECTION('',(0.866020,0.500009,0.000000));
#1555=VECTOR('',#1554,3.012389);
#1556=LINE('',#1553,#1555);
#1557=EDGE_CURVE('TB31',#321,#323,#1556,.T.);
#1558=CARTESIAN_POINT('',(2.608790,-24.820979,38.000000));
#1559=DIRECTION('',(0.951053,-0.309027,0.000000));
#1560=VECTOR('',#1559,3.012389);
#1561=LINE('',#1558,#1560);
#1562=EDGE_CURVE('TB32',#323,#325,#1561,.T.);
#1563=CARTESIAN_POINT('',(5.473733,-25.751888,38.000000));
#1564=DIRECTION('',(0.743138,0.669138,0.000000));
#1565=VECTOR('',#1564,3.012389);
#1566=LINE('',#1563,#1565);
#1567=EDGE_CURVE('TB33',#325,#327,#1566,.T.);
#1568=CARTESIAN_POINT('',(7.712353,-23.736183,38.000000));
#1569=DIRECTION('',(0.994521,-0.104539,0.000000));
#1570=VECTOR('',#1569,3.012389);
#1571=LINE('',#1568,#1570);
#1572=EDGE_CURVE('TB34',#327,#329,#1571,.T.);
#1573=CARTESIAN_POINT('',(10.708237,-24.051094,38.000000));
#1574=DIRECTION('',(0.587777,0.809023,0.000000));
#1575=VECTOR('',#1574,3.012389);
#1576=LINE('',#1573,#1575);
#1577=EDGE_CURVE('TB35',#329,#331,#1576,.T.);
#1578=CARTESIAN_POINT('',(12.478850,-21.614002,38.000000));
#1579=DIRECTION('',(0.994523,0.104518,0.000000));
#1580=VECTOR('',#1579,3.012389);
#1581=LINE('',#1578,#1580);
#1582=EDGE_CURVE('TB36',#331,#333,#1581,.T.);
#1583=CARTESIAN_POINT('',(15.474740,-21.299152,38.000000));
#1584=DIRECTION('',(0.406727,0.913550,0.000000));
#1585=VECTOR('',#1584,3.012389);
#1586=LINE('',#1583,#1585);
#1587=EDGE_CURVE('TB37',#333,#335,#1586,.T.);
#1588=CARTESIAN_POINT('',(16.699961,-18.547186,38.000000));
#1589=DIRECTION('',(0.951060,0.309007,0.000000));
#1590=VECTOR('',#1589,3.012389);
#1591=LINE('',#1588,#1590);
#1592=EDGE_CURVE('TB38',#335,#337,#1591,.T.);
#1593=CARTESIAN_POINT('',(19.564922,-17.616335,38.000000));
#1594=DIRECTION('',(0.207902,0.978150,0.000000));
#1595=VECTOR('',#1594,3.012389);
#1596=LINE('',#1593,#1595);
#1597=EDGE_CURVE('TB39',#337,#339,#1596,.T.);
#1598=CARTESIAN_POINT('',(20.191203,-14.669768,38.000000));
#1599=DIRECTION('',(0.866030,0.499991,0.000000));
#1600=VECTOR('',#1599,3.012389);
#1601=LINE('',#1598,#1600);
#1602=EDGE_CURVE('TB40',#339,#341,#1601,.T.);
#1603=CARTESIAN_POINT('',(22.800024,-13.163600,38.000000));
#1604=DIRECTION('',(-0.000010,1.000000,0.000000));
#1605=VECTOR('',#1604,3.012389);
#1606=LINE('',#1603,#1605);
#1607=EDGE_CURVE('TB41',#341,#343,#1606,.T.);
#1608=CARTESIAN_POINT('',(22.799993,-10.151211,38.000000));
#1609=DIRECTION('',(0.743152,0.669123,0.000000));
#1610=VECTOR('',#1609,3.012389);
#1611=LINE('',#1608,#1610);
#1612=EDGE_CURVE('TB42',#343,#345,#1611,.T.);
#1613=CARTESIAN_POINT('',(25.038655,-8.135552,38.000000));
#1614=DIRECTION('',(-0.207922,0.978145,0.000000));
#1615=VECTOR('',#1614,3.012389);
#1616=LINE('',#1613,#1615);
#1617=EDGE_CURVE('TB43',#345,#347,#1616,.T.);
#1618=CARTESIAN_POINT('',(24.412314,-5.188998,38.000000));
#1619=DIRECTION('',(0.587793,0.809011,0.000000));
#1620=VECTOR('',#1619,3.012389);
#1621=LINE('',#1618,#1620);
#1622=EDGE_CURVE('TB44',#347,#349,#1621,.T.);
#1623=CARTESIAN_POINT('',(26.182977,-2.751942,38.000000));
#1624=DIRECTION('',(-0.406746,0.913541,0.000000));
#1625=VECTOR('',#1624,3.012389);
#1626=LINE('',#1623,#1625);
#1627=EDGE_CURVE('TB45',#349,#351,#1626,.T.);
#1628=CARTESIAN_POINT('',(24.957700,-0.000000,38.000000));
#1629=DIRECTION('',(0.406746,0.913541,0.000000));
#1630=VECTOR('',#1629,3.012389);
#1631=LINE('',#1628,#1630);
#1632=EDGE_CURVE('TB46',#351,#353,#1631,.T.);
#1633=CARTESIAN_POINT('',(26.182977,2.751942,38.000000));
#1634=DIRECTION('',(-0.587793,0.809011,0.000000));
#1635=VECTOR('',#1634,3.012389);
#1636=LINE('',#1633,#1635);
#1637=EDGE_CURVE('TB47',#353,#355,#1636,.T.);
#1638=CARTESIAN_POINT('',(24.412314,5.188998,38.000000));
#1639=DIRECTION('',(0.207922,0.978145,0.000000));
#1640=VECTOR('',#1639,3.012389);
#1641=LINE('',#1638,#1640);
#1642=EDGE_CURVE('TB48',#355,#357,#1641,.T.);
#1643=CARTESIAN_POINT('',(25.038655,8.135552,38.000000));
#1644=DIRECTION('',(-0.743152,0.669123,0.000000));
#1645=VECTOR('',#1644,3.012389);
#1646=LINE('',#1643,#1645);
#1647=EDGE_CURVE('TB49',#357,#359,#1646,.T.);
#1648=CARTESIAN_POINT('',(22.799993,10.151211,38.000000));
#1649=DIRECTION('',(0.000010,1.000000,0.000000));
#1650=VECTOR('',#1649,3.012389);
#1651=LINE('',#1648,#1650);
#1652=EDGE_CURVE('TB50',#359,#361,#1651,.T.);
#1653=CARTESIAN_POINT('',(22.800024,13.163600,38.000000));
#1654=DIRECTION('',(-0.866030,0.499991,0.000000));
#1655=VECTOR('',#1654,3.012389);
#1656=LINE('',#1653,#1655);
#1657=EDGE_CURVE('TB51',#361,#363,#1656,.T.);
#1658=CARTESIAN_POINT('',(20.191203,14.669768,38.000000));
#1659=DIRECTION('',(-0.207902,0.978150,0.000000));
#1660=VECTOR('',#1659,3.012389);
#1661=LINE('',#1658,#1660);
#1662=EDGE_CURVE('TB52',#363,#365,#1661,.T.);
#1663=CARTESIAN_POINT('',(19.564922,17.616335,38.000000));
#1664=DIRECTION('',(-0.951060,0.309007,0.000000));
#1665=VECTOR('',#1664,3.012389);
#1666=LINE('',#1663,#1665);
#1667=EDGE_CURVE('TB53',#365,#367,#1666,.T.);
#1668=CARTESIAN_POINT('',(16.699961,18.547186,38.000000));
#1669=DIRECTION('',(-0.406727,0.913550,0.000000));
#1670=VECTOR('',#1669,3.012389);
#1671=LINE('',#1668,#1670);
#1672=EDGE_CURVE('TB54',#367,#369,#1671,.T.);
#1673=CARTESIAN_POINT('',(15.474740,21.299152,38.000000));
#1674=DIRECTION('',(-0.994523,0.104518,0.000000));
#1675=VECTOR('',#1674,3.012389);
#1676=LINE('',#1673,#1675);
#1677=EDGE_CURVE('TB55',#369,#371,#1676,.T.);
#1678=CARTESIAN_POINT('',(12.478850,21.614002,38.000000));
#1679=DIRECTION('',(-0.587777,0.809023,0.000000));
#1680=VECTOR('',#1679,3.012389);
#1681=LINE('',#1678,#1680);
#1682=EDGE_CURVE('TB56',#371,#373,#1681,.T.);
#1683=CARTESIAN_POINT('',(10.708237,24.051094,38.000000));
#1684=DIRECTION('',(-0.994521,-0.104539,0.000000));
#1685=VECTOR('',#1684,3.012389);
#1686=LINE('',#1683,#1685);
#1687=EDGE_CURVE('TB57',#373,#375,#1686,.T.);
#1688=CARTESIAN_POINT('',(7.712353,23.736183,38.000000));
#1689=DIRECTION('',(-0.743138,0.669138,0.000000));
#1690=VECTOR('',#1689,3.012389);
#1691=LINE('',#1688,#1690);
#1692=EDGE_CURVE('TB58',#375,#377,#1691,.T.);
#1693=CARTESIAN_POINT('',(5.473733,25.751888,38.000000));
#1694=DIRECTION('',(-0.951053,-0.309027,0.000000));
#1695=VECTOR('',#1694,3.012389);
#1696=LINE('',#1693,#1695);
#1697=EDGE_CURVE('TB59',#377,#259,#1696,.T.);
#1698=CARTESIAN_POINT('',(2.608790,24.820979,38.000000));
#1699=DIRECTION('',(0.000000,0.000000,1.000000));
#1700=VECTOR('',#1699,8.000000);
#1701=LINE('',#1698,#1700);
#1702=EDGE_CURVE('TV0',#259,#379,#1701,.T.);
#1703=CARTESIAN_POINT('',(0.000000,26.327200,38.000000));
#1704=DIRECTION('',(0.000000,0.000000,1.000000));
#1705=VECTOR('',#1704,8.000000);
#1706=LINE('',#1703,#1705);
#1707=EDGE_CURVE('TV1',#261,#381,#1706,.T.);
#1708=CARTESIAN_POINT('',(-2.608790,24.820979,38.000000));
#1709=DIRECTION('',(0.000000,0.000000,1.000000));
#1710=VECTOR('',#1709,8.000000);
#1711=LINE('',#1708,#1710);
#1712=EDGE_CURVE('TV2',#263,#383,#1711,.T.);
#1713=CARTESIAN_POINT('',(-5.473733,25.751888,38.000000));
#1714=DIRECTION('',(0.000000,0.000000,1.000000));
#1715=VECTOR('',#1714,8.000000);
#1716=LINE('',#1713,#1715);
#1717=EDGE_CURVE('TV3',#265,#385,#1716,.T.);
#1718=CARTESIAN_POINT('',(-7.712353,23.736183,38.000000));
#1719=DIRECTION('',(0.000000,0.000000,1.000000));
#1720=VECTOR('',#1719,8.000000);
#1721=LINE('',#1718,#1720);
#1722=EDGE_CURVE('TV4',#267,#387,#1721,.T.);
#1723=CARTESIAN_POINT('',(-10.708237,24.051094,38.000000));
#1724=DIRECTION('',(0.000000,0.000000,1.000000));
#1725=VECTOR('',#1724,8.000000);
#1726=LINE('',#1723,#1725);
#1727=EDGE_CURVE('TV5',#269,#389,#1726,.T.);
#1728=CARTESIAN_POINT('',(-12.478850,21.614002,38.000000));
#1729=DIRECTION('',(0.000000,0.000000,1.000000));
#1730=VECTOR('',#1729,8.000000);
#1731=LINE('',#1728,#1730);
#1732=EDGE_CURVE('TV6',#271,#391,#1731,.T.);
#1733=CARTESIAN_POINT('',(-15.474740,21.299152,38.000000));
#1734=DIRECTION('',(0.000000,0.000000,1.000000));
#1735=VECTOR('',#1734,8.000000);
#1736=LINE('',#1733,#1735);
#1737=EDGE_CURVE('TV7',#273,#393,#1736,.T.);
#1738=CARTESIAN_POINT('',(-16.699961,18.547186,38.000000));
#1739=DIRECTION('',(0.000000,0.000000,1.000000));
#1740=VECTOR('',#1739,8.000000);
#1741=LINE('',#1738,#1740);
#1742=EDGE_CURVE('TV8',#275,#395,#1741,.T.);
#1743=CARTESIAN_POINT('',(-19.564922,17.616335,38.000000));
#1744=DIRECTION('',(0.000000,0.000000,1.000000));
#1745=VECTOR('',#1744,8.000000);
#1746=LINE('',#1743,#1745);
#1747=EDGE_CURVE('TV9',#277,#397,#1746,.T.);
#1748=CARTESIAN_POINT('',(-20.191203,14.669768,38.000000));
#1749=DIRECTION('',(0.000000,0.000000,1.000000));
#1750=VECTOR('',#1749,8.000000);
#1751=LINE('',#1748,#1750);
#1752=EDGE_CURVE('TV10',#279,#399,#1751,.T.);
#1753=CARTESIAN_POINT('',(-22.800024,13.163600,38.000000));
#1754=DIRECTION('',(0.000000,0.000000,1.000000));
#1755=VECTOR('',#1754,8.000000);
#1756=LINE('',#1753,#1755);
#1757=EDGE_CURVE('TV11',#281,#401,#1756,.T.);
#1758=CARTESIAN_POINT('',(-22.799993,10.151211,38.000000));
#1759=DIRECTION('',(0.000000,0.000000,1.000000));
#1760=VECTOR('',#1759,8.000000);
#1761=LINE('',#1758,#1760);
#1762=EDGE_CURVE('TV12',#283,#403,#1761,.T.);
#1763=CARTESIAN_POINT('',(-25.038655,8.135552,38.000000));
#1764=DIRECTION('',(0.000000,0.000000,1.000000));
#1765=VECTOR('',#1764,8.000000);
#1766=LINE('',#1763,#1765);
#1767=EDGE_CURVE('TV13',#285,#405,#1766,.T.);
#1768=CARTESIAN_POINT('',(-24.412314,5.188998,38.000000));
#1769=DIRECTION('',(0.000000,0.000000,1.000000));
#1770=VECTOR('',#1769,8.000000);
#1771=LINE('',#1768,#1770);
#1772=EDGE_CURVE('TV14',#287,#407,#1771,.T.);
#1773=CARTESIAN_POINT('',(-26.182977,2.751942,38.000000));
#1774=DIRECTION('',(0.000000,0.000000,1.000000));
#1775=VECTOR('',#1774,8.000000);
#1776=LINE('',#1773,#1775);
#1777=EDGE_CURVE('TV15',#289,#409,#1776,.T.);
#1778=CARTESIAN_POINT('',(-24.957700,0.000000,38.000000));
#1779=DIRECTION('',(0.000000,0.000000,1.000000));
#1780=VECTOR('',#1779,8.000000);
#1781=LINE('',#1778,#1780);
#1782=EDGE_CURVE('TV16',#291,#411,#1781,.T.);
#1783=CARTESIAN_POINT('',(-26.182977,-2.751942,38.000000));
#1784=DIRECTION('',(0.000000,0.000000,1.000000));
#1785=VECTOR('',#1784,8.000000);
#1786=LINE('',#1783,#1785);
#1787=EDGE_CURVE('TV17',#293,#413,#1786,.T.);
#1788=CARTESIAN_POINT('',(-24.412314,-5.188998,38.000000));
#1789=DIRECTION('',(0.000000,0.000000,1.000000));
#1790=VECTOR('',#1789,8.000000);
#1791=LINE('',#1788,#1790);
#1792=EDGE_CURVE('TV18',#295,#415,#1791,.T.);
#1793=CARTESIAN_POINT('',(-25.038655,-8.135552,38.000000));
#1794=DIRECTION('',(0.000000,0.000000,1.000000));
#1795=VECTOR('',#1794,8.000000);
#1796=LINE('',#1793,#1795);
#1797=EDGE_CURVE('TV19',#297,#417,#1796,.T.);
#1798=CARTESIAN_POINT('',(-22.799993,-10.151211,38.000000));
#1799=DIRECTION('',(0.000000,0.000000,1.000000));
#1800=VECTOR('',#1799,8.000000);
#1801=LINE('',#1798,#1800);
#1802=EDGE_CURVE('TV20',#299,#419,#1801,.T.);
#1803=CARTESIAN_POINT('',(-22.800024,-13.163600,38.000000));
#1804=DIRECTION('',(0.000000,0.000000,1.000000));
#1805=VECTOR('',#1804,8.000000);
#1806=LINE('',#1803,#1805);
#1807=EDGE_CURVE('TV21',#301,#421,#1806,.T.);
#1808=CARTESIAN_POINT('',(-20.191203,-14.669768,38.000000));
#1809=DIRECTION('',(0.000000,0.000000,1.000000));
#1810=VECTOR('',#1809,8.000000);
#1811=LINE('',#1808,#1810);
#1812=EDGE_CURVE('TV22',#303,#423,#1811,.T.);
#1813=CARTESIAN_POINT('',(-19.564922,-17.616335,38.000000));
#1814=DIRECTION('',(0.000000,0.000000,1.000000));
#1815=VECTOR('',#1814,8.000000);
#1816=LINE('',#1813,#1815);
#1817=EDGE_CURVE('TV23',#305,#425,#1816,.T.);
#1818=CARTESIAN_POINT('',(-16.699961,-18.547186,38.000000));
#1819=DIRECTION('',(0.000000,0.000000,1.000000));
#1820=VECTOR('',#1819,8.000000);
#1821=LINE('',#1818,#1820);
#1822=EDGE_CURVE('TV24',#307,#427,#1821,.T.);
#1823=CARTESIAN_POINT('',(-15.474740,-21.299152,38.000000));
#1824=DIRECTION('',(0.000000,0.000000,1.000000));
#1825=VECTOR('',#1824,8.000000);
#1826=LINE('',#1823,#1825);
#1827=EDGE_CURVE('TV25',#309,#429,#1826,.T.);
#1828=CARTESIAN_POINT('',(-12.478850,-21.614002,38.000000));
#1829=DIRECTION('',(0.000000,0.000000,1.000000));
#1830=VECTOR('',#1829,8.000000);
#1831=LINE('',#1828,#1830);
#1832=EDGE_CURVE('TV26',#311,#431,#1831,.T.);
#1833=CARTESIAN_POINT('',(-10.708237,-24.051094,38.000000));
#1834=DIRECTION('',(0.000000,0.000000,1.000000));
#1835=VECTOR('',#1834,8.000000);
#1836=LINE('',#1833,#1835);
#1837=EDGE_CURVE('TV27',#313,#433,#1836,.T.);
#1838=CARTESIAN_POINT('',(-7.712353,-23.736183,38.000000));
#1839=DIRECTION('',(0.000000,0.000000,1.000000));
#1840=VECTOR('',#1839,8.000000);
#1841=LINE('',#1838,#1840);
#1842=EDGE_CURVE('TV28',#315,#435,#1841,.T.);
#1843=CARTESIAN_POINT('',(-5.473733,-25.751888,38.000000));
#1844=DIRECTION('',(0.000000,0.000000,1.000000));
#1845=VECTOR('',#1844,8.000000);
#1846=LINE('',#1843,#1845);
#1847=EDGE_CURVE('TV29',#317,#437,#1846,.T.);
#1848=CARTESIAN_POINT('',(-2.608790,-24.820979,38.000000));
#1849=DIRECTION('',(0.000000,0.000000,1.000000));
#1850=VECTOR('',#1849,8.000000);
#1851=LINE('',#1848,#1850);
#1852=EDGE_CURVE('TV30',#319,#439,#1851,.T.);
#1853=CARTESIAN_POINT('',(-0.000000,-26.327200,38.000000));
#1854=DIRECTION('',(0.000000,0.000000,1.000000));
#1855=VECTOR('',#1854,8.000000);
#1856=LINE('',#1853,#1855);
#1857=EDGE_CURVE('TV31',#321,#441,#1856,.T.);
#1858=CARTESIAN_POINT('',(2.608790,-24.820979,38.000000));
#1859=DIRECTION('',(0.000000,0.000000,1.000000));
#1860=VECTOR('',#1859,8.000000);
#1861=LINE('',#1858,#1860);
#1862=EDGE_CURVE('TV32',#323,#443,#1861,.T.);
#1863=CARTESIAN_POINT('',(5.473733,-25.751888,38.000000));
#1864=DIRECTION('',(0.000000,0.000000,1.000000));
#1865=VECTOR('',#1864,8.000000);
#1866=LINE('',#1863,#1865);
#1867=EDGE_CURVE('TV33',#325,#445,#1866,.T.);
#1868=CARTESIAN_POINT('',(7.712353,-23.736183,38.000000));
#1869=DIRECTION('',(0.000000,0.000000,1.000000));
#1870=VECTOR('',#1869,8.000000);
#1871=LINE('',#1868,#1870);
#1872=EDGE_CURVE('TV34',#327,#447,#1871,.T.);
#1873=CARTESIAN_POINT('',(10.708237,-24.051094,38.000000));
#1874=DIRECTION('',(0.000000,0.000000,1.000000));
#1875=VECTOR('',#1874,8.000000);
#1876=LINE('',#1873,#1875);
#1877=EDGE_CURVE('TV35',#329,#449,#1876,.T.);
#1878=CARTESIAN_POINT('',(12.478850,-21.614002,38.000000));
#1879=DIRECTION('',(0.000000,0.000000,1.000000));
#1880=VECTOR('',#1879,8.000000);
#1881=LINE('',#1878,#1880);
#1882=EDGE_CURVE('TV36',#331,#451,#1881,.T.);
#1883=CARTESIAN_POINT('',(15.474740,-21.299152,38.000000));
#1884=DIRECTION('',(0.000000,0.000000,1.000000));
#1885=VECTOR('',#1884,8.000000);
#1886=LINE('',#1883,#1885);
#1887=EDGE_CURVE('TV37',#333,#453,#1886,.T.);
#1888=CARTESIAN_POINT('',(16.699961,-18.547186,38.000000));
#1889=DIRECTION('',(0.000000,0.000000,1.000000));
#1890=VECTOR('',#1889,8.000000);
#1891=LINE('',#1888,#1890);
#1892=EDGE_CURVE('TV38',#335,#455,#1891,.T.);
#1893=CARTESIAN_POINT('',(19.564922,-17.616335,38.000000));
#1894=DIRECTION('',(0.000000,0.000000,1.000000));
#1895=VECTOR('',#1894,8.000000);
#1896=LINE('',#1893,#1895);
#1897=EDGE_CURVE('TV39',#337,#457,#1896,.T.);
#1898=CARTESIAN_POINT('',(20.191203,-14.669768,38.000000));
#1899=DIRECTION('',(0.000000,0.000000,1.000000));
#1900=VECTOR('',#1899,8.000000);
#1901=LINE('',#1898,#1900);
#1902=EDGE_CURVE('TV40',#339,#459,#1901,.T.);
#1903=CARTESIAN_POINT('',(22.800024,-13.163600,38.000000));
#1904=DIRECTION('',(0.000000,0.000000,1.000000));
#1905=VECTOR('',#1904,8.000000);
#1906=LINE('',#1903,#1905);
#1907=EDGE_CURVE('TV41',#341,#461,#1906,.T.);
#1908=CARTESIAN_POINT('',(22.799993,-10.151211,38.000000));
#1909=DIRECTION('',(0.000000,0.000000,1.000000));
#1910=VECTOR('',#1909,8.000000);
#1911=LINE('',#1908,#1910);
#1912=EDGE_CURVE('TV42',#343,#463,#1911,.T.);
#1913=CARTESIAN_POINT('',(25.038655,-8.135552,38.000000));
#1914=DIRECTION('',(0.000000,0.000000,1.000000));
#1915=VECTOR('',#1914,8.000000);
#1916=LINE('',#1913,#1915);
#1917=EDGE_CURVE('TV43',#345,#465,#1916,.T.);
#1918=CARTESIAN_POINT('',(24.412314,-5.188998,38.000000));
#1919=DIRECTION('',(0.000000,0.000000,1.000000));
#1920=VECTOR('',#1919,8.000000);
#1921=LINE('',#1918,#1920);
#1922=EDGE_CURVE('TV44',#347,#467,#1921,.T.);
#1923=CARTESIAN_POINT('',(26.182977,-2.751942,38.000000));
#1924=DIRECTION('',(0.000000,0.000000,1.000000));
#1925=VECTOR('',#1924,8.000000);
#1926=LINE('',#1923,#1925);
#1927=EDGE_CURVE('TV45',#349,#469,#1926,.T.);
#1928=CARTESIAN_POINT('',(24.957700,-0.000000,38.000000));
#1929=DIRECTION('',(0.000000,0.000000,1.000000));
#1930=VECTOR('',#1929,8.000000);
#1931=LINE('',#1928,#1930);
#1932=EDGE_CURVE('TV46',#351,#471,#1931,.T.);
#1933=CARTESIAN_POINT('',(26.182977,2.751942,38.000000));
#1934=DIRECTION('',(0.000000,0.000000,1.000000));
#1935=VECTOR('',#1934,8.000000);
#1936=LINE('',#1933,#1935);
#1937=EDGE_CURVE('TV47',#353,#473,#1936,.T.);
#1938=CARTESIAN_POINT('',(24.412314,5.188998,38.000000));
#1939=DIRECTION('',(0.000000,0.000000,1.000000));
#1940=VECTOR('',#1939,8.000000);
#1941=LINE('',#1938,#1940);
#1942=EDGE_CURVE('TV48',#355,#475,#1941,.T.);
#1943=CARTESIAN_POINT('',(25.038655,8.135552,38.000000));
#1944=DIRECTION('',(0.000000,0.000000,1.000000));
#1945=VECTOR('',#1944,8.000000);
#1946=LINE('',#1943,#1945);
#1947=EDGE_CURVE('TV49',#357,#477,#1946,.T.);
#1948=CARTESIAN_POINT('',(22.799993,10.151211,38.000000));
#1949=DIRECTION('',(0.000000,0.000000,1.000000));
#1950=VECTOR('',#1949,8.000000);
#1951=LINE('',#1948,#1950);
#1952=EDGE_CURVE('TV50',#359,#479,#1951,.T.);
#1953=CARTESIAN_POINT('',(22.800024,13.163600,38.000000));
#1954=DIRECTION('',(0.000000,0.000000,1.000000));
#1955=VECTOR('',#1954,8.000000);
#1956=LINE('',#1953,#1955);
#1957=EDGE_CURVE('TV51',#361,#481,#1956,.T.);
#1958=CARTESIAN_POINT('',(20.191203,14.669768,38.000000));
#1959=DIRECTION('',(0.000000,0.000000,1.000000));
#1960=VECTOR('',#1959,8.000000);
#1961=LINE('',#1958,#1960);
#1962=EDGE_CURVE('TV52',#363,#483,#1961,.T.);
#1963=CARTESIAN_POINT('',(19.564922,17.616335,38.000000));
#1964=DIRECTION('',(0.000000,0.000000,1.000000));
#1965=VECTOR('',#1964,8.000000);
#1966=LINE('',#1963,#1965);
#1967=EDGE_CURVE('TV53',#365,#485,#1966,.T.);
#1968=CARTESIAN_POINT('',(16.699961,18.547186,38.000000));
#1969=DIRECTION('',(0.000000,0.000000,1.000000));
#1970=VECTOR('',#1969,8.000000);
#1971=LINE('',#1968,#1970);
#1972=EDGE_CURVE('TV54',#367,#487,#1971,.T.);
#1973=CARTESIAN_POINT('',(15.474740,21.299152,38.000000));
#1974=DIRECTION('',(0.000000,0.000000,1.000000));
#1975=VECTOR('',#1974,8.000000);
#1976=LINE('',#1973,#1975);
#1977=EDGE_CURVE('TV55',#369,#489,#1976,.T.);
#1978=CARTESIAN_POINT('',(12.478850,21.614002,38.000000));
#1979=DIRECTION('',(0.000000,0.000000,1.000000));
#1980=VECTOR('',#1979,8.000000);
#1981=LINE('',#1978,#1980);
#1982=EDGE_CURVE('TV56',#371,#491,#1981,.T.);
#1983=CARTESIAN_POINT('',(10.708237,24.051094,38.000000));
#1984=DIRECTION('',(0.000000,0.000000,1.000000));
#1985=VECTOR('',#1984,8.000000);
#1986=LINE('',#1983,#1985);
#1987=EDGE_CURVE('TV57',#373,#493,#1986,.T.);
#1988=CARTESIAN_POINT('',(7.712353,23.736183,38.000000));
#1989=DIRECTION('',(0.000000,0.000000,1.000000));
#1990=VECTOR('',#1989,8.000000);
#1991=LINE('',#1988,#1990);
#1992=EDGE_CURVE('TV58',#375,#495,#1991,.T.);
#1993=CARTESIAN_POINT('',(5.473733,25.751888,38.000000));
#1994=DIRECTION('',(0.000000,0.000000,1.000000));
#1995=VECTOR('',#1994,8.000000);
#1996=LINE('',#1993,#1995);
#1997=EDGE_CURVE('TV59',#377,#497,#1996,.T.);
#1998=CARTESIAN_POINT('',(2.608790,24.820979,46.000000));
#1999=DIRECTION('',(-0.866020,0.500009,0.000000));
#2000=VECTOR('',#1999,3.012389);
#2001=LINE('',#1998,#2000);
#2002=EDGE_CURVE('TR0',#379,#381,#2001,.T.);
#2003=CARTESIAN_POINT('',(0.000000,26.327200,46.000000));
#2004=DIRECTION('',(-0.866020,-0.500009,0.000000));
#2005=VECTOR('',#2004,3.012389);
#2006=LINE('',#2003,#2005);
#2007=EDGE_CURVE('TR1',#381,#383,#2006,.T.);
#2008=CARTESIAN_POINT('',(-2.608790,24.820979,46.000000));
#2009=DIRECTION('',(-0.951053,0.309027,0.000000));
#2010=VECTOR('',#2009,3.012389);
#2011=LINE('',#2008,#2010);
#2012=EDGE_CURVE('TR2',#383,#385,#2011,.T.);
#2013=CARTESIAN_POINT('',(-5.473733,25.751888,46.000000));
#2014=DIRECTION('',(-0.743138,-0.669138,0.000000));
#2015=VECTOR('',#2014,3.012389);
#2016=LINE('',#2013,#2015);
#2017=EDGE_CURVE('TR3',#385,#387,#2016,.T.);
#2018=CARTESIAN_POINT('',(-7.712353,23.736183,46.000000));
#2019=DIRECTION('',(-0.994521,0.104539,0.000000));
#2020=VECTOR('',#2019,3.012389);
#2021=LINE('',#2018,#2020);
#2022=EDGE_CURVE('TR4',#387,#389,#2021,.T.);
#2023=CARTESIAN_POINT('',(-10.708237,24.051094,46.000000));
#2024=DIRECTION('',(-0.587777,-0.809023,0.000000));
#2025=VECTOR('',#2024,3.012389);
#2026=LINE('',#2023,#2025);
#2027=EDGE_CURVE('TR5',#389,#391,#2026,.T.);
#2028=CARTESIAN_POINT('',(-12.478850,21.614002,46.000000));
#2029=DIRECTION('',(-0.994523,-0.104518,0.000000));
#2030=VECTOR('',#2029,3.012389);
#2031=LINE('',#2028,#2030);
#2032=EDGE_CURVE('TR6',#391,#393,#2031,.T.);
#2033=CARTESIAN_POINT('',(-15.474740,21.299152,46.000000));
#2034=DIRECTION('',(-0.406727,-0.913550,0.000000));
#2035=VECTOR('',#2034,3.012389);
#2036=LINE('',#2033,#2035);
#2037=EDGE_CURVE('TR7',#393,#395,#2036,.T.);
#2038=CARTESIAN_POINT('',(-16.699961,18.547186,46.000000));
#2039=DIRECTION('',(-0.951060,-0.309007,0.000000));
#2040=VECTOR('',#2039,3.012389);
#2041=LINE('',#2038,#2040);
#2042=EDGE_CURVE('TR8',#395,#397,#2041,.T.);
#2043=CARTESIAN_POINT('',(-19.564922,17.616335,46.000000));
#2044=DIRECTION('',(-0.207902,-0.978150,0.000000));
#2045=VECTOR('',#2044,3.012389);
#2046=LINE('',#2043,#2045);
#2047=EDGE_CURVE('TR9',#397,#399,#2046,.T.);
#2048=CARTESIAN_POINT('',(-20.191203,14.669768,46.000000));
#2049=DIRECTION('',(-0.866030,-0.499991,0.000000));
#2050=VECTOR('',#2049,3.012389);
#2051=LINE('',#2048,#2050);
#2052=EDGE_CURVE('TR10',#399,#401,#2051,.T.);
#2053=CARTESIAN_POINT('',(-22.800024,13.163600,46.000000));
#2054=DIRECTION('',(0.000010,-1.000000,0.000000));
#2055=VECTOR('',#2054,3.012389);
#2056=LINE('',#2053,#2055);
#2057=EDGE_CURVE('TR11',#401,#403,#2056,.T.);
#2058=CARTESIAN_POINT('',(-22.799993,10.151211,46.000000));
#2059=DIRECTION('',(-0.743152,-0.669123,0.000000));
#2060=VECTOR('',#2059,3.012389);
#2061=LINE('',#2058,#2060);
#2062=EDGE_CURVE('TR12',#403,#405,#2061,.T.);
#2063=CARTESIAN_POINT('',(-25.038655,8.135552,46.000000));
#2064=DIRECTION('',(0.207922,-0.978145,0.000000));
#2065=VECTOR('',#2064,3.012389);
#2066=LINE('',#2063,#2065);
#2067=EDGE_CURVE('TR13',#405,#407,#2066,.T.);
#2068=CARTESIAN_POINT('',(-24.412314,5.188998,46.000000));
#2069=DIRECTION('',(-0.587793,-0.809011,0.000000));
#2070=VECTOR('',#2069,3.012389);
#2071=LINE('',#2068,#2070);
#2072=EDGE_CURVE('TR14',#407,#409,#2071,.T.);
#2073=CARTESIAN_POINT('',(-26.182977,2.751942,46.000000));
#2074=DIRECTION('',(0.406746,-0.913541,0.000000));
#2075=VECTOR('',#2074,3.012389);
#2076=LINE('',#2073,#2075);
#2077=EDGE_CURVE('TR15',#409,#411,#2076,.T.);
#2078=CARTESIAN_POINT('',(-24.957700,0.000000,46.000000));
#2079=DIRECTION('',(-0.406746,-0.913541,0.000000));
#2080=VECTOR('',#2079,3.012389);
#2081=LINE('',#2078,#2080);
#2082=EDGE_CURVE('TR16',#411,#413,#2081,.T.);
#2083=CARTESIAN_POINT('',(-26.182977,-2.751942,46.000000));
#2084=DIRECTION('',(0.587793,-0.809011,0.000000));
#2085=VECTOR('',#2084,3.012389);
#2086=LINE('',#2083,#2085);
#2087=EDGE_CURVE('TR17',#413,#415,#2086,.T.);
#2088=CARTESIAN_POINT('',(-24.412314,-5.188998,46.000000));
#2089=DIRECTION('',(-0.207922,-0.978145,0.000000));
#2090=VECTOR('',#2089,3.012389);
#2091=LINE('',#2088,#2090);
#2092=EDGE_CURVE('TR18',#415,#417,#2091,.T.);
#2093=CARTESIAN_POINT('',(-25.038655,-8.135552,46.000000));
#2094=DIRECTION('',(0.743152,-0.669123,0.000000));
#2095=VECTOR('',#2094,3.012389);
#2096=LINE('',#2093,#2095);
#2097=EDGE_CURVE('TR19',#417,#419,#2096,.T.);
#2098=CARTESIAN_POINT('',(-22.799993,-10.151211,46.000000));
#2099=DIRECTION('',(-0.000010,-1.000000,0.000000));
#2100=VECTOR('',#2099,3.012389);
#2101=LINE('',#2098,#2100);
#2102=EDGE_CURVE('TR20',#419,#421,#2101,.T.);
#2103=CARTESIAN_POINT('',(-22.800024,-13.163600,46.000000));
#2104=DIRECTION('',(0.866030,-0.499991,0.000000));
#2105=VECTOR('',#2104,3.012389);
#2106=LINE('',#2103,#2105);
#2107=EDGE_CURVE('TR21',#421,#423,#2106,.T.);
#2108=CARTESIAN_POINT('',(-20.191203,-14.669768,46.000000));
#2109=DIRECTION('',(0.207902,-0.978150,0.000000));
#2110=VECTOR('',#2109,3.012389);
#2111=LINE('',#2108,#2110);
#2112=EDGE_CURVE('TR22',#423,#425,#2111,.T.);
#2113=CARTESIAN_POINT('',(-19.564922,-17.616335,46.000000));
#2114=DIRECTION('',(0.951060,-0.309007,0.000000));
#2115=VECTOR('',#2114,3.012389);
#2116=LINE('',#2113,#2115);
#2117=EDGE_CURVE('TR23',#425,#427,#2116,.T.);
#2118=CARTESIAN_POINT('',(-16.699961,-18.547186,46.000000));
#2119=DIRECTION('',(0.406727,-0.913550,0.000000));
#2120=VECTOR('',#2119,3.012389);
#2121=LINE('',#2118,#2120);
#2122=EDGE_CURVE('TR24',#427,#429,#2121,.T.);
#2123=CARTESIAN_POINT('',(-15.474740,-21.299152,46.000000));
#2124=DIRECTION('',(0.994523,-0.104518,0.000000));
#2125=VECTOR('',#2124,3.012389);
#2126=LINE('',#2123,#2125);
#2127=EDGE_CURVE('TR25',#429,#431,#2126,.T.);
#2128=CARTESIAN_POINT('',(-12.478850,-21.614002,46.000000));
#2129=DIRECTION('',(0.587777,-0.809023,0.000000));
#2130=VECTOR('',#2129,3.012389);
#2131=LINE('',#2128,#2130);
#2132=EDGE_CURVE('TR26',#431,#433,#2131,.T.);
#2133=CARTESIAN_POINT('',(-10.708237,-24.051094,46.000000));
#2134=DIRECTION('',(0.994521,0.104539,0.000000));
#2135=VECTOR('',#2134,3.012389);
#2136=LINE('',#2133,#2135);
#2137=EDGE_CURVE('TR27',#433,#435,#2136,.T.);
#2138=CARTESIAN_POINT('',(-7.712353,-23.736183,46.000000));
#2139=DIRECTION('',(0.743138,-0.669138,0.000000));
#2140=VECTOR('',#2139,3.012389);
#2141=LINE('',#2138,#2140);
#2142=EDGE_CURVE('TR28',#435,#437,#2141,.T.);
#2143=CARTESIAN_POINT('',(-5.473733,-25.751888,46.000000));
#2144=DIRECTION('',(0.951053,0.309027,0.000000));
#2145=VECTOR('',#2144,3.012389);
#2146=LINE('',#2143,#2145);
#2147=EDGE_CURVE('TR29',#437,#439,#2146,.T.);
#2148=CARTESIAN_POINT('',(-2.608790,-24.820979,46.000000));
#2149=DIRECTION('',(0.866020,-0.500009,0.000000));
#2150=VECTOR('',#2149,3.012389);
#2151=LINE('',#2148,#2150);
#2152=EDGE_CURVE('TR30',#439,#441,#2151,.T.);
#2153=CARTESIAN_POINT('',(-0.000000,-26.327200,46.000000));
#2154=DIRECTION('',(0.866020,0.500009,0.000000));
#2155=VECTOR('',#2154,3.012389);
#2156=LINE('',#2153,#2155);
#2157=EDGE_CURVE('TR31',#441,#443,#2156,.T.);
#2158=CARTESIAN_POINT('',(2.608790,-24.820979,46.000000));
#2159=DIRECTION('',(0.951053,-0.309027,0.000000));
#2160=VECTOR('',#2159,3.012389);
#2161=LINE('',#2158,#2160);
#2162=EDGE_CURVE('TR32',#443,#445,#2161,.T.);
#2163=CARTESIAN_POINT('',(5.473733,-25.751888,46.000000));
#2164=DIRECTION('',(0.743138,0.669138,0.000000));
#2165=VECTOR('',#2164,3.012389);
#2166=LINE('',#2163,#2165);
#2167=EDGE_CURVE('TR33',#445,#447,#2166,.T.);
#2168=CARTESIAN_POINT('',(7.712353,-23.736183,46.000000));
#2169=DIRECTION('',(0.994521,-0.104539,0.000000));
#2170=VECTOR('',#2169,3.012389);
#2171=LINE('',#2168,#2170);
#2172=EDGE_CURVE('TR34',#447,#449,#2171,.T.);
#2173=CARTESIAN_POINT('',(10.708237,-24.051094,46.000000));
#2174=DIRECTION('',(0.587777,0.809023,0.000000));
#2175=VECTOR('',#2174,3.012389);
#2176=LINE('',#2173,#2175);
#2177=EDGE_CURVE('TR35',#449,#451,#2176,.T.);
#2178=CARTESIAN_POINT('',(12.478850,-21.614002,46.000000));
#2179=DIRECTION('',(0.994523,0.104518,0.000000));
#2180=VECTOR('',#2179,3.012389);
#2181=LINE('',#2178,#2180);
#2182=EDGE_CURVE('TR36',#451,#453,#2181,.T.);
#2183=CARTESIAN_POINT('',(15.474740,-21.299152,46.000000));
#2184=DIRECTION('',(0.406727,0.913550,0.000000));
#2185=VECTOR('',#2184,3.012389);
#2186=LINE('',#2183,#2185);
#2187=EDGE_CURVE('TR37',#453,#455,#2186,.T.);
#2188=CARTESIAN_POINT('',(16.699961,-18.547186,46.000000));
#2189=DIRECTION('',(0.951060,0.309007,0.000000));
#2190=VECTOR('',#2189,3.012389);
#2191=LINE('',#2188,#2190);
#2192=EDGE_CURVE('TR38',#455,#457,#2191,.T.);
#2193=CARTESIAN_POINT('',(19.564922,-17.616335,46.000000));
#2194=DIRECTION('',(0.207902,0.978150,0.000000));
#2195=VECTOR('',#2194,3.012389);
#2196=LINE('',#2193,#2195);
#2197=EDGE_CURVE('TR39',#457,#459,#2196,.T.);
#2198=CARTESIAN_POINT('',(20.191203,-14.669768,46.000000));
#2199=DIRECTION('',(0.866030,0.499991,0.000000));
#2200=VECTOR('',#2199,3.012389);
#2201=LINE('',#2198,#2200);
#2202=EDGE_CURVE('TR40',#459,#461,#2201,.T.);
#2203=CARTESIAN_POINT('',(22.800024,-13.163600,46.000000));
#2204=DIRECTION('',(-0.000010,1.000000,0.000000));
#2205=VECTOR('',#2204,3.012389);
#2206=LINE('',#2203,#2205);
#2207=EDGE_CURVE('TR41',#461,#463,#2206,.T.);
#2208=CARTESIAN_POINT('',(22.799993,-10.151211,46.000000));
#2209=DIRECTION('',(0.743152,0.669123,0.000000));
#2210=VECTOR('',#2209,3.012389);
#2211=LINE('',#2208,#2210);
#2212=EDGE_CURVE('TR42',#463,#465,#2211,.T.);
#2213=CARTESIAN_POINT('',(25.038655,-8.135552,46.000000));
#2214=DIRECTION('',(-0.207922,0.978145,0.000000));
#2215=VECTOR('',#2214,3.012389);
#2216=LINE('',#2213,#2215);
#2217=EDGE_CURVE('TR43',#465,#467,#2216,.T.);
#2218=CARTESIAN_POINT('',(24.412314,-5.188998,46.000000));
#2219=DIRECTION('',(0.587793,0.809011,0.000000));
#2220=VECTOR('',#2219,3.012389);
#2221=LINE('',#2218,#2220);
#2222=EDGE_CURVE('TR44',#467,#469,#2221,.T.);
#2223=CARTESIAN_POINT('',(26.182977,-2.751942,46.000000));
#2224=DIRECTION('',(-0.406746,0.913541,0.000000));
#2225=VECTOR('',#2224,3.012389);
#2226=LINE('',#2223,#2225);
#2227=EDGE_CURVE('TR45',#469,#471,#2226,.T.);
#2228=CARTESIAN_POINT('',(24.957700,-0.000000,46.000000));
#2229=DIRECTION('',(0.406746,0.913541,0.000000));
#2230=VECTOR('',#2229,3.012389);
#2231=LINE('',#2228,#2230);
#2232=EDGE_CURVE('TR46',#471,#473,#2231,.T.);
#2233=CARTESIAN_POINT('',(26.182977,2.751942,46.000000));
#2234=DIRECTION('',(-0.587793,0.809011,0.000000));
#2235=VECTOR('',#2234,3.012389);
#2236=LINE('',#2233,#2235);
#2237=EDGE_CURVE('TR47',#473,#475,#2236,.T.);
#2238=CARTESIAN_POINT('',(24.412314,5.188998,46.000000));
#2239=DIRECTION('',(0.207922,0.978145,0.000000));
#2240=VECTOR('',#2239,3.012389);
#2241=LINE('',#2238,#2240);
#2242=EDGE_CURVE('TR48',#475,#477,#2241,.T.);
#2243=CARTESIAN_POINT('',(25.038655,8.135552,46.000000));
#2244=DIRECTION('',(-0.743152,0.669123,0.000000));
#2245=VECTOR('',#2244,3.012389);
#2246=LINE('',#2243,#2245);
#2247=EDGE_CURVE('TR49',#477,#479,#2246,.T.);
#2248=CARTESIAN_POINT('',(22.799993,10.151211,46.000000));
#2249=DIRECTION('',(0.000010,1.000000,0.000000));
#2250=VECTOR('',#2249,3.012389);
#2251=LINE('',#2248,#2250);
#2252=EDGE_CURVE('TR50',#479,#481,#2251,.T.);
#2253=CARTESIAN_POINT('',(22.800024,13.163600,46.000000));
#2254=DIRECTION('',(-0.866030,0.499991,0.000000));
#2255=VECTOR('',#2254,3.012389);
#2256=LINE('',#2253,#2255);
#2257=EDGE_CURVE('TR51',#481,#483,#2256,.T.);
#2258=CARTESIAN_POINT('',(20.191203,14.669768,46.000000));
#2259=DIRECTION('',(-0.207902,0.978150,0.000000));
#2260=VECTOR('',#2259,3.012389);
#2261=LINE('',#2258,#2260);
#2262=EDGE_CURVE('TR52',#483,#485,#2261,.T.);
#2263=CARTESIAN_POINT('',(19.564922,17.616335,46.000000));
#2264=DIRECTION('',(-0.951060,0.309007,0.000000));
#2265=VECTOR('',#2264,3.012389);
#2266=LINE('',#2263,#2265);
#2267=EDGE_CURVE('TR53',#485,#487,#2266,.T.);
#2268=CARTESIAN_POINT('',(16.699961,18.547186,46.000000));
#2269=DIRECTION('',(-0.406727,0.913550,0.000000));
#2270=VECTOR('',#2269,3.012389);
#2271=LINE('',#2268,#2270);
#2272=EDGE_CURVE('TR54',#487,#489,#2271,.T.);
#2273=CARTESIAN_POINT('',(15.474740,21.299152,46.000000));
#2274=DIRECTION('',(-0.994523,0.104518,0.000000));
#2275=VECTOR('',#2274,3.012389);
#2276=LINE('',#2273,#2275);
#2277=EDGE_CURVE('TR55',#489,#491,#2276,.T.);
#2278=CARTESIAN_POINT('',(12.478850,21.614002,46.000000));
#2279=DIRECTION('',(-0.587777,0.809023,0.000000));
#2280=VECTOR('',#2279,3.012389);
#2281=LINE('',#2278,#2280);
#2282=EDGE_CURVE('TR56',#491,#493,#2281,.T.);
#2283=CARTESIAN_POINT('',(10.708237,24.051094,46.000000));
#2284=DIRECTION('',(-0.994521,-0.104539,0.000000));
#2285=VECTOR('',#2284,3.012389);
#2286=LINE('',#2283,#2285);
#2287=EDGE_CURVE('TR57',#493,#495,#2286,.T.);
#2288=CARTESIAN_POINT('',(7.712353,23.736183,46.000000));
#2289=DIRECTION('',(-0.743138,0.669138,0.000000));
#2290=VECTOR('',#2289,3.012389);
#2291=LINE('',#2288,#2290);
#2292=EDGE_CURVE('TR58',#495,#497,#2291,.T.);
#2293=CARTESIAN_POINT('',(5.473733,25.751888,46.000000));
#2294=DIRECTION('',(-0.951053,-0.309027,0.000000));
#2295=VECTOR('',#2294,3.012389);
#2296=LINE('',#2293,#2295);
#2297=EDGE_CURVE('TR59',#497,#379,#2296,.T.);
#2298=ORIENTED_EDGE('',*,*,#792,F.);
#2299=ORIENTED_EDGE('',*,*,#787,F.);
#2300=ORIENTED_EDGE('',*,*,#782,F.);
#2301=ORIENTED_EDGE('',*,*,#777,F.);
#2302=ORIENTED_EDGE('',*,*,#772,F.);
#2303=ORIENTED_EDGE('',*,*,#767,F.);
#2304=ORIENTED_EDGE('',*,*,#762,F.);
#2305=ORIENTED_EDGE('',*,*,#757,F.);
#2306=ORIENTED_EDGE('',*,*,#752,F.);
#2307=ORIENTED_EDGE('',*,*,#747,F.);
#2308=ORIENTED_EDGE('',*,*,#742,F.);
#2309=ORIENTED_EDGE('',*,*,#737,F.);
#2310=ORIENTED_EDGE('',*,*,#732,F.);
#2311=ORIENTED_EDGE('',*,*,#727,F.);
#2312=ORIENTED_EDGE('',*,*,#722,F.);
#2313=ORIENTED_EDGE('',*,*,#717,F.);
#2314=ORIENTED_EDGE('',*,*,#712,F.);
#2315=ORIENTED_EDGE('',*,*,#707,F.);
#2316=ORIENTED_EDGE('',*,*,#702,F.);
#2317=ORIENTED_EDGE('',*,*,#697,F.);
#2318=ORIENTED_EDGE('',*,*,#692,F.);
#2319=ORIENTED_EDGE('',*,*,#687,F.);
#2320=ORIENTED_EDGE('',*,*,#682,F.);
#2321=ORIENTED_EDGE('',*,*,#677,F.);
#2322=ORIENTED_EDGE('',*,*,#672,F.);
#2323=ORIENTED_EDGE('',*,*,#667,F.);
#2324=ORIENTED_EDGE('',*,*,#662,F.);
#2325=ORIENTED_EDGE('',*,*,#657,F.);
#2326=ORIENTED_EDGE('',*,*,#652,F.);
#2327=ORIENTED_EDGE('',*,*,#647,F.);
#2328=ORIENTED_EDGE('',*,*,#642,F.);
#2329=ORIENTED_EDGE('',*,*,#637,F.);
#2330=ORIENTED_EDGE('',*,*,#632,F.);
#2331=ORIENTED_EDGE('',*,*,#627,F.);
#2332=ORIENTED_EDGE('',*,*,#622,F.);
#2333=ORIENTED_EDGE('',*,*,#617,F.);
#2334=ORIENTED_EDGE('',*,*,#612,F.);
#2335=ORIENTED_EDGE('',*,*,#607,F.);
#2336=ORIENTED_EDGE('',*,*,#602,F.);
#2337=ORIENTED_EDGE('',*,*,#597,F.);
#2338=ORIENTED_EDGE('',*,*,#592,F.);
#2339=ORIENTED_EDGE('',*,*,#587,F.);
#2340=ORIENTED_EDGE('',*,*,#582,F.);
#2341=ORIENTED_EDGE('',*,*,#577,F.);
#2342=ORIENTED_EDGE('',*,*,#572,F.);
#2343=ORIENTED_EDGE('',*,*,#567,F.);
#2344=ORIENTED_EDGE('',*,*,#562,F.);
#2345=ORIENTED_EDGE('',*,*,#557,F.);
#2346=ORIENTED_EDGE('',*,*,#552,F.);
#2347=ORIENTED_EDGE('',*,*,#547,F.);
#2348=ORIENTED_EDGE('',*,*,#542,F.);
#2349=ORIENTED_EDGE('',*,*,#537,F.);
#2350=ORIENTED_EDGE('',*,*,#532,F.);
#2351=ORIENTED_EDGE('',*,*,#527,F.);
#2352=ORIENTED_EDGE('',*,*,#522,F.);
#2353=ORIENTED_EDGE('',*,*,#517,F.);
#2354=ORIENTED_EDGE('',*,*,#512,F.);
#2355=ORIENTED_EDGE('',*,*,#507,F.);
#2356=ORIENTED_EDGE('',*,*,#502,F.);
#2357=ORIENTED_EDGE('',*,*,#797,F.);
#2358=EDGE_LOOP('',(#2298,#2299,#2300,#2301,#2302,#2303,#2304,#2305,#2306,#2307,#2308,#2309,#2310,#2311,#2312,#2313,#2314,#2315,#2316,#2317,#2318,#2319,#2320,#2321,#2322,#2323,#2324,#2325,#2326,#2327,#2328,#2329,#2330,#2331,#2332,#2333,#2334,#2335,#2336,#2337,#2338,#2339,#2340,#2341,#2342,#2343,#2344,#2345,#2346,#2347,#2348,#2349,#2350,#2351,#2352,#2353,#2354,#2355,#2356,#2357));
#2359=FACE_OUTER_BOUND('',#2358,.T.);
#2360=CARTESIAN_POINT('',(0.0000,0.0000,0.0000));
#2361=DIRECTION('',(0.000000,0.000000,-1.000000));
#2362=DIRECTION('',(1.,0.,0.));
#2363=AXIS2_PLACEMENT_3D('',#2360,#2361,#2362);
#2364=PLANE('',#2363);
#2365=ADVANCED_FACE('Bottom',(#2359),#2364,.F.);
#2366=ORIENTED_EDGE('',*,*,#502,T.);
#2367=ORIENTED_EDGE('',*,*,#807,T.);
#2368=ORIENTED_EDGE('',*,*,#1102,F.);
#2369=ORIENTED_EDGE('',*,*,#802,F.);
#2370=EDGE_LOOP('',(#2366,#2367,#2368,#2369));
#2371=FACE_OUTER_BOUND('',#2370,.T.);
#2372=CARTESIAN_POINT('',(12.500000,0.000000,0.));
#2373=DIRECTION('',(0.998630,0.052336,0.));
#2374=DIRECTION('',(0.,0.,1.));
#2375=AXIS2_PLACEMENT_3D('',#2372,#2373,#2374);
#2376=PLANE('',#2375);
#2377=ADVANCED_FACE('Cyl0',(#2371),#2376,.T.);
#2378=ORIENTED_EDGE('',*,*,#507,T.);
#2379=ORIENTED_EDGE('',*,*,#812,T.);
#2380=ORIENTED_EDGE('',*,*,#1107,F.);
#2381=ORIENTED_EDGE('',*,*,#807,F.);
#2382=EDGE_LOOP('',(#2378,#2379,#2380,#2381));
#2383=FACE_OUTER_BOUND('',#2382,.T.);
#2384=CARTESIAN_POINT('',(12.431524,1.306606,0.));
#2385=DIRECTION('',(0.987688,0.156434,0.));
#2386=DIRECTION('',(0.,0.,1.));
#2387=AXIS2_PLACEMENT_3D('',#2384,#2385,#2386);
#2388=PLANE('',#2387);
#2389=ADVANCED_FACE('Cyl1',(#2383),#2388,.T.);
#2390=ORIENTED_EDGE('',*,*,#512,T.);
#2391=ORIENTED_EDGE('',*,*,#817,T.);
#2392=ORIENTED_EDGE('',*,*,#1112,F.);
#2393=ORIENTED_EDGE('',*,*,#812,F.);
#2394=EDGE_LOOP('',(#2390,#2391,#2392,#2393));
#2395=FACE_OUTER_BOUND('',#2394,.T.);
#2396=CARTESIAN_POINT('',(12.226845,2.598896,0.));
#2397=DIRECTION('',(0.965926,0.258819,0.));
#2398=DIRECTION('',(0.,0.,1.));
#2399=AXIS2_PLACEMENT_3D('',#2396,#2397,#2398);
#2400=PLANE('',#2399);
#2401=ADVANCED_FACE('Cyl2',(#2395),#2400,.T.);
#2402=ORIENTED_EDGE('',*,*,#517,T.);
#2403=ORIENTED_EDGE('',*,*,#822,T.);
#2404=ORIENTED_EDGE('',*,*,#1117,F.);
#2405=ORIENTED_EDGE('',*,*,#817,F.);
#2406=EDGE_LOOP('',(#2402,#2403,#2404,#2405));
#2407=FACE_OUTER_BOUND('',#2406,.T.);
#2408=CARTESIAN_POINT('',(11.888206,3.862712,0.));
#2409=DIRECTION('',(0.933580,0.358368,0.));
#2410=DIRECTION('',(0.,0.,1.));
#2411=AXIS2_PLACEMENT_3D('',#2408,#2409,#2410);
#2412=PLANE('',#2411);
#2413=ADVANCED_FACE('Cyl3',(#2407),#2412,.T.);
#2414=ORIENTED_EDGE('',*,*,#522,T.);
#2415=ORIENTED_EDGE('',*,*,#827,T.);
#2416=ORIENTED_EDGE('',*,*,#1122,F.);
#2417=ORIENTED_EDGE('',*,*,#822,F.);
#2418=EDGE_LOOP('',(#2414,#2415,#2416,#2417));
#2419=FACE_OUTER_BOUND('',#2418,.T.);
#2420=CARTESIAN_POINT('',(11.419318,5.084208,0.));
#2421=DIRECTION('',(0.891007,0.453990,0.));
#2422=DIRECTION('',(0.,0.,1.));
#2423=AXIS2_PLACEMENT_3D('',#2420,#2421,#2422);
#2424=PLANE('',#2423);
#2425=ADVANCED_FACE('Cyl4',(#2419),#2424,.T.);
#2426=ORIENTED_EDGE('',*,*,#527,T.);
#2427=ORIENTED_EDGE('',*,*,#832,T.);
#2428=ORIENTED_EDGE('',*,*,#1127,F.);
#2429=ORIENTED_EDGE('',*,*,#827,F.);
#2430=EDGE_LOOP('',(#2426,#2427,#2428,#2429));
#2431=FACE_OUTER_BOUND('',#2430,.T.);
#2432=CARTESIAN_POINT('',(10.825318,6.250000,0.));
#2433=DIRECTION('',(0.838671,0.544639,0.));
#2434=DIRECTION('',(0.,0.,1.));
#2435=AXIS2_PLACEMENT_3D('',#2432,#2433,#2434);
#2436=PLANE('',#2435);
#2437=ADVANCED_FACE('Cyl5',(#2431),#2436,.T.);
#2438=ORIENTED_EDGE('',*,*,#532,T.);
#2439=ORIENTED_EDGE('',*,*,#837,T.);
#2440=ORIENTED_EDGE('',*,*,#1132,F.);
#2441=ORIENTED_EDGE('',*,*,#832,F.);
#2442=EDGE_LOOP('',(#2438,#2439,#2440,#2441));
#2443=FACE_OUTER_BOUND('',#2442,.T.);
#2444=CARTESIAN_POINT('',(10.112712,7.347316,0.));
#2445=DIRECTION('',(0.777146,0.629320,0.));
#2446=DIRECTION('',(0.,0.,1.));
#2447=AXIS2_PLACEMENT_3D('',#2444,#2445,#2446);
#2448=PLANE('',#2447);
#2449=ADVANCED_FACE('Cyl6',(#2443),#2448,.T.);
#2450=ORIENTED_EDGE('',*,*,#537,T.);
#2451=ORIENTED_EDGE('',*,*,#842,T.);
#2452=ORIENTED_EDGE('',*,*,#1137,F.);
#2453=ORIENTED_EDGE('',*,*,#837,F.);
#2454=EDGE_LOOP('',(#2450,#2451,#2452,#2453));
#2455=FACE_OUTER_BOUND('',#2454,.T.);
#2456=CARTESIAN_POINT('',(9.289310,8.364133,0.));
#2457=DIRECTION('',(0.707107,0.707107,0.));
#2458=DIRECTION('',(0.,0.,1.));
#2459=AXIS2_PLACEMENT_3D('',#2456,#2457,#2458);
#2460=PLANE('',#2459);
#2461=ADVANCED_FACE('Cyl7',(#2455),#2460,.T.);
#2462=ORIENTED_EDGE('',*,*,#542,T.);
#2463=ORIENTED_EDGE('',*,*,#847,T.);
#2464=ORIENTED_EDGE('',*,*,#1142,F.);
#2465=ORIENTED_EDGE('',*,*,#842,F.);
#2466=EDGE_LOOP('',(#2462,#2463,#2464,#2465));
#2467=FACE_OUTER_BOUND('',#2466,.T.);
#2468=CARTESIAN_POINT('',(8.364133,9.289310,0.));
#2469=DIRECTION('',(0.629320,0.777146,0.));
#2470=DIRECTION('',(0.,0.,1.));
#2471=AXIS2_PLACEMENT_3D('',#2468,#2469,#2470);
#2472=PLANE('',#2471);
#2473=ADVANCED_FACE('Cyl8',(#2467),#2472,.T.);
#2474=ORIENTED_EDGE('',*,*,#547,T.);
#2475=ORIENTED_EDGE('',*,*,#852,T.);
#2476=ORIENTED_EDGE('',*,*,#1147,F.);
#2477=ORIENTED_EDGE('',*,*,#847,F.);
#2478=EDGE_LOOP('',(#2474,#2475,#2476,#2477));
#2479=FACE_OUTER_BOUND('',#2478,.T.);
#2480=CARTESIAN_POINT('',(7.347316,10.112712,0.));
#2481=DIRECTION('',(0.544639,0.838671,0.));
#2482=DIRECTION('',(0.,0.,1.));
#2483=AXIS2_PLACEMENT_3D('',#2480,#2481,#2482);
#2484=PLANE('',#2483);
#2485=ADVANCED_FACE('Cyl9',(#2479),#2484,.T.);
#2486=ORIENTED_EDGE('',*,*,#552,T.);
#2487=ORIENTED_EDGE('',*,*,#857,T.);
#2488=ORIENTED_EDGE('',*,*,#1152,F.);
#2489=ORIENTED_EDGE('',*,*,#852,F.);
#2490=EDGE_LOOP('',(#2486,#2487,#2488,#2489));
#2491=FACE_OUTER_BOUND('',#2490,.T.);
#2492=CARTESIAN_POINT('',(6.250000,10.825318,0.));
#2493=DIRECTION('',(0.453990,0.891007,0.));
#2494=DIRECTION('',(0.,0.,1.));
#2495=AXIS2_PLACEMENT_3D('',#2492,#2493,#2494);
#2496=PLANE('',#2495);
#2497=ADVANCED_FACE('Cyl10',(#2491),#2496,.T.);
#2498=ORIENTED_EDGE('',*,*,#557,T.);
#2499=ORIENTED_EDGE('',*,*,#862,T.);
#2500=ORIENTED_EDGE('',*,*,#1157,F.);
#2501=ORIENTED_EDGE('',*,*,#857,F.);
#2502=EDGE_LOOP('',(#2498,#2499,#2500,#2501));
#2503=FACE_OUTER_BOUND('',#2502,.T.);
#2504=CARTESIAN_POINT('',(5.084208,11.419318,0.));
#2505=DIRECTION('',(0.358368,0.933580,0.));
#2506=DIRECTION('',(0.,0.,1.));
#2507=AXIS2_PLACEMENT_3D('',#2504,#2505,#2506);
#2508=PLANE('',#2507);
#2509=ADVANCED_FACE('Cyl11',(#2503),#2508,.T.);
#2510=ORIENTED_EDGE('',*,*,#562,T.);
#2511=ORIENTED_EDGE('',*,*,#867,T.);
#2512=ORIENTED_EDGE('',*,*,#1162,F.);
#2513=ORIENTED_EDGE('',*,*,#862,F.);
#2514=EDGE_LOOP('',(#2510,#2511,#2512,#2513));
#2515=FACE_OUTER_BOUND('',#2514,.T.);
#2516=CARTESIAN_POINT('',(3.862712,11.888206,0.));
#2517=DIRECTION('',(0.258819,0.965926,0.));
#2518=DIRECTION('',(0.,0.,1.));
#2519=AXIS2_PLACEMENT_3D('',#2516,#2517,#2518);
#2520=PLANE('',#2519);
#2521=ADVANCED_FACE('Cyl12',(#2515),#2520,.T.);
#2522=ORIENTED_EDGE('',*,*,#567,T.);
#2523=ORIENTED_EDGE('',*,*,#872,T.);
#2524=ORIENTED_EDGE('',*,*,#1167,F.);
#2525=ORIENTED_EDGE('',*,*,#867,F.);
#2526=EDGE_LOOP('',(#2522,#2523,#2524,#2525));
#2527=FACE_OUTER_BOUND('',#2526,.T.);
#2528=CARTESIAN_POINT('',(2.598896,12.226845,0.));
#2529=DIRECTION('',(0.156434,0.987688,0.));
#2530=DIRECTION('',(0.,0.,1.));
#2531=AXIS2_PLACEMENT_3D('',#2528,#2529,#2530);
#2532=PLANE('',#2531);
#2533=ADVANCED_FACE('Cyl13',(#2527),#2532,.T.);
#2534=ORIENTED_EDGE('',*,*,#572,T.);
#2535=ORIENTED_EDGE('',*,*,#877,T.);
#2536=ORIENTED_EDGE('',*,*,#1172,F.);
#2537=ORIENTED_EDGE('',*,*,#872,F.);
#2538=EDGE_LOOP('',(#2534,#2535,#2536,#2537));
#2539=FACE_OUTER_BOUND('',#2538,.T.);
#2540=CARTESIAN_POINT('',(1.306606,12.431524,0.));
#2541=DIRECTION('',(0.052336,0.998630,0.));
#2542=DIRECTION('',(0.,0.,1.));
#2543=AXIS2_PLACEMENT_3D('',#2540,#2541,#2542);
#2544=PLANE('',#2543);
#2545=ADVANCED_FACE('Cyl14',(#2539),#2544,.T.);
#2546=ORIENTED_EDGE('',*,*,#577,T.);
#2547=ORIENTED_EDGE('',*,*,#882,T.);
#2548=ORIENTED_EDGE('',*,*,#1177,F.);
#2549=ORIENTED_EDGE('',*,*,#877,F.);
#2550=EDGE_LOOP('',(#2546,#2547,#2548,#2549));
#2551=FACE_OUTER_BOUND('',#2550,.T.);
#2552=CARTESIAN_POINT('',(0.000000,12.500000,0.));
#2553=DIRECTION('',(-0.052336,0.998630,0.));
#2554=DIRECTION('',(0.,0.,1.));
#2555=AXIS2_PLACEMENT_3D('',#2552,#2553,#2554);
#2556=PLANE('',#2555);
#2557=ADVANCED_FACE('Cyl15',(#2551),#2556,.T.);
#2558=ORIENTED_EDGE('',*,*,#582,T.);
#2559=ORIENTED_EDGE('',*,*,#887,T.);
#2560=ORIENTED_EDGE('',*,*,#1182,F.);
#2561=ORIENTED_EDGE('',*,*,#882,F.);
#2562=EDGE_LOOP('',(#2558,#2559,#2560,#2561));
#2563=FACE_OUTER_BOUND('',#2562,.T.);
#2564=CARTESIAN_POINT('',(-1.306606,12.431524,0.));
#2565=DIRECTION('',(-0.156434,0.987688,0.));
#2566=DIRECTION('',(0.,0.,1.));
#2567=AXIS2_PLACEMENT_3D('',#2564,#2565,#2566);
#2568=PLANE('',#2567);
#2569=ADVANCED_FACE('Cyl16',(#2563),#2568,.T.);
#2570=ORIENTED_EDGE('',*,*,#587,T.);
#2571=ORIENTED_EDGE('',*,*,#892,T.);
#2572=ORIENTED_EDGE('',*,*,#1187,F.);
#2573=ORIENTED_EDGE('',*,*,#887,F.);
#2574=EDGE_LOOP('',(#2570,#2571,#2572,#2573));
#2575=FACE_OUTER_BOUND('',#2574,.T.);
#2576=CARTESIAN_POINT('',(-2.598896,12.226845,0.));
#2577=DIRECTION('',(-0.258819,0.965926,0.));
#2578=DIRECTION('',(0.,0.,1.));
#2579=AXIS2_PLACEMENT_3D('',#2576,#2577,#2578);
#2580=PLANE('',#2579);
#2581=ADVANCED_FACE('Cyl17',(#2575),#2580,.T.);
#2582=ORIENTED_EDGE('',*,*,#592,T.);
#2583=ORIENTED_EDGE('',*,*,#897,T.);
#2584=ORIENTED_EDGE('',*,*,#1192,F.);
#2585=ORIENTED_EDGE('',*,*,#892,F.);
#2586=EDGE_LOOP('',(#2582,#2583,#2584,#2585));
#2587=FACE_OUTER_BOUND('',#2586,.T.);
#2588=CARTESIAN_POINT('',(-3.862712,11.888206,0.));
#2589=DIRECTION('',(-0.358368,0.933580,0.));
#2590=DIRECTION('',(0.,0.,1.));
#2591=AXIS2_PLACEMENT_3D('',#2588,#2589,#2590);
#2592=PLANE('',#2591);
#2593=ADVANCED_FACE('Cyl18',(#2587),#2592,.T.);
#2594=ORIENTED_EDGE('',*,*,#597,T.);
#2595=ORIENTED_EDGE('',*,*,#902,T.);
#2596=ORIENTED_EDGE('',*,*,#1197,F.);
#2597=ORIENTED_EDGE('',*,*,#897,F.);
#2598=EDGE_LOOP('',(#2594,#2595,#2596,#2597));
#2599=FACE_OUTER_BOUND('',#2598,.T.);
#2600=CARTESIAN_POINT('',(-5.084208,11.419318,0.));
#2601=DIRECTION('',(-0.453990,0.891007,0.));
#2602=DIRECTION('',(0.,0.,1.));
#2603=AXIS2_PLACEMENT_3D('',#2600,#2601,#2602);
#2604=PLANE('',#2603);
#2605=ADVANCED_FACE('Cyl19',(#2599),#2604,.T.);
#2606=ORIENTED_EDGE('',*,*,#602,T.);
#2607=ORIENTED_EDGE('',*,*,#907,T.);
#2608=ORIENTED_EDGE('',*,*,#1202,F.);
#2609=ORIENTED_EDGE('',*,*,#902,F.);
#2610=EDGE_LOOP('',(#2606,#2607,#2608,#2609));
#2611=FACE_OUTER_BOUND('',#2610,.T.);
#2612=CARTESIAN_POINT('',(-6.250000,10.825318,0.));
#2613=DIRECTION('',(-0.544639,0.838671,0.));
#2614=DIRECTION('',(0.,0.,1.));
#2615=AXIS2_PLACEMENT_3D('',#2612,#2613,#2614);
#2616=PLANE('',#2615);
#2617=ADVANCED_FACE('Cyl20',(#2611),#2616,.T.);
#2618=ORIENTED_EDGE('',*,*,#607,T.);
#2619=ORIENTED_EDGE('',*,*,#912,T.);
#2620=ORIENTED_EDGE('',*,*,#1207,F.);
#2621=ORIENTED_EDGE('',*,*,#907,F.);
#2622=EDGE_LOOP('',(#2618,#2619,#2620,#2621));
#2623=FACE_OUTER_BOUND('',#2622,.T.);
#2624=CARTESIAN_POINT('',(-7.347316,10.112712,0.));
#2625=DIRECTION('',(-0.629320,0.777146,0.));
#2626=DIRECTION('',(0.,0.,1.));
#2627=AXIS2_PLACEMENT_3D('',#2624,#2625,#2626);
#2628=PLANE('',#2627);
#2629=ADVANCED_FACE('Cyl21',(#2623),#2628,.T.);
#2630=ORIENTED_EDGE('',*,*,#612,T.);
#2631=ORIENTED_EDGE('',*,*,#917,T.);
#2632=ORIENTED_EDGE('',*,*,#1212,F.);
#2633=ORIENTED_EDGE('',*,*,#912,F.);
#2634=EDGE_LOOP('',(#2630,#2631,#2632,#2633));
#2635=FACE_OUTER_BOUND('',#2634,.T.);
#2636=CARTESIAN_POINT('',(-8.364133,9.289310,0.));
#2637=DIRECTION('',(-0.707107,0.707107,0.));
#2638=DIRECTION('',(0.,0.,1.));
#2639=AXIS2_PLACEMENT_3D('',#2636,#2637,#2638);
#2640=PLANE('',#2639);
#2641=ADVANCED_FACE('Cyl22',(#2635),#2640,.T.);
#2642=ORIENTED_EDGE('',*,*,#617,T.);
#2643=ORIENTED_EDGE('',*,*,#922,T.);
#2644=ORIENTED_EDGE('',*,*,#1217,F.);
#2645=ORIENTED_EDGE('',*,*,#917,F.);
#2646=EDGE_LOOP('',(#2642,#2643,#2644,#2645));
#2647=FACE_OUTER_BOUND('',#2646,.T.);
#2648=CARTESIAN_POINT('',(-9.289310,8.364133,0.));
#2649=DIRECTION('',(-0.777146,0.629320,0.));
#2650=DIRECTION('',(0.,0.,1.));
#2651=AXIS2_PLACEMENT_3D('',#2648,#2649,#2650);
#2652=PLANE('',#2651);
#2653=ADVANCED_FACE('Cyl23',(#2647),#2652,.T.);
#2654=ORIENTED_EDGE('',*,*,#622,T.);
#2655=ORIENTED_EDGE('',*,*,#927,T.);
#2656=ORIENTED_EDGE('',*,*,#1222,F.);
#2657=ORIENTED_EDGE('',*,*,#922,F.);
#2658=EDGE_LOOP('',(#2654,#2655,#2656,#2657));
#2659=FACE_OUTER_BOUND('',#2658,.T.);
#2660=CARTESIAN_POINT('',(-10.112712,7.347316,0.));
#2661=DIRECTION('',(-0.838671,0.544639,0.));
#2662=DIRECTION('',(0.,0.,1.));
#2663=AXIS2_PLACEMENT_3D('',#2660,#2661,#2662);
#2664=PLANE('',#2663);
#2665=ADVANCED_FACE('Cyl24',(#2659),#2664,.T.);
#2666=ORIENTED_EDGE('',*,*,#627,T.);
#2667=ORIENTED_EDGE('',*,*,#932,T.);
#2668=ORIENTED_EDGE('',*,*,#1227,F.);
#2669=ORIENTED_EDGE('',*,*,#927,F.);
#2670=EDGE_LOOP('',(#2666,#2667,#2668,#2669));
#2671=FACE_OUTER_BOUND('',#2670,.T.);
#2672=CARTESIAN_POINT('',(-10.825318,6.250000,0.));
#2673=DIRECTION('',(-0.891007,0.453990,0.));
#2674=DIRECTION('',(0.,0.,1.));
#2675=AXIS2_PLACEMENT_3D('',#2672,#2673,#2674);
#2676=PLANE('',#2675);
#2677=ADVANCED_FACE('Cyl25',(#2671),#2676,.T.);
#2678=ORIENTED_EDGE('',*,*,#632,T.);
#2679=ORIENTED_EDGE('',*,*,#937,T.);
#2680=ORIENTED_EDGE('',*,*,#1232,F.);
#2681=ORIENTED_EDGE('',*,*,#932,F.);
#2682=EDGE_LOOP('',(#2678,#2679,#2680,#2681));
#2683=FACE_OUTER_BOUND('',#2682,.T.);
#2684=CARTESIAN_POINT('',(-11.419318,5.084208,0.));
#2685=DIRECTION('',(-0.933580,0.358368,0.));
#2686=DIRECTION('',(0.,0.,1.));
#2687=AXIS2_PLACEMENT_3D('',#2684,#2685,#2686);
#2688=PLANE('',#2687);
#2689=ADVANCED_FACE('Cyl26',(#2683),#2688,.T.);
#2690=ORIENTED_EDGE('',*,*,#637,T.);
#2691=ORIENTED_EDGE('',*,*,#942,T.);
#2692=ORIENTED_EDGE('',*,*,#1237,F.);
#2693=ORIENTED_EDGE('',*,*,#937,F.);
#2694=EDGE_LOOP('',(#2690,#2691,#2692,#2693));
#2695=FACE_OUTER_BOUND('',#2694,.T.);
#2696=CARTESIAN_POINT('',(-11.888206,3.862712,0.));
#2697=DIRECTION('',(-0.965926,0.258819,0.));
#2698=DIRECTION('',(0.,0.,1.));
#2699=AXIS2_PLACEMENT_3D('',#2696,#2697,#2698);
#2700=PLANE('',#2699);
#2701=ADVANCED_FACE('Cyl27',(#2695),#2700,.T.);
#2702=ORIENTED_EDGE('',*,*,#642,T.);
#2703=ORIENTED_EDGE('',*,*,#947,T.);
#2704=ORIENTED_EDGE('',*,*,#1242,F.);
#2705=ORIENTED_EDGE('',*,*,#942,F.);
#2706=EDGE_LOOP('',(#2702,#2703,#2704,#2705));
#2707=FACE_OUTER_BOUND('',#2706,.T.);
#2708=CARTESIAN_POINT('',(-12.226845,2.598896,0.));
#2709=DIRECTION('',(-0.987688,0.156434,0.));
#2710=DIRECTION('',(0.,0.,1.));
#2711=AXIS2_PLACEMENT_3D('',#2708,#2709,#2710);
#2712=PLANE('',#2711);
#2713=ADVANCED_FACE('Cyl28',(#2707),#2712,.T.);
#2714=ORIENTED_EDGE('',*,*,#647,T.);
#2715=ORIENTED_EDGE('',*,*,#952,T.);
#2716=ORIENTED_EDGE('',*,*,#1247,F.);
#2717=ORIENTED_EDGE('',*,*,#947,F.);
#2718=EDGE_LOOP('',(#2714,#2715,#2716,#2717));
#2719=FACE_OUTER_BOUND('',#2718,.T.);
#2720=CARTESIAN_POINT('',(-12.431524,1.306606,0.));
#2721=DIRECTION('',(-0.998630,0.052336,0.));
#2722=DIRECTION('',(0.,0.,1.));
#2723=AXIS2_PLACEMENT_3D('',#2720,#2721,#2722);
#2724=PLANE('',#2723);
#2725=ADVANCED_FACE('Cyl29',(#2719),#2724,.T.);
#2726=ORIENTED_EDGE('',*,*,#652,T.);
#2727=ORIENTED_EDGE('',*,*,#957,T.);
#2728=ORIENTED_EDGE('',*,*,#1252,F.);
#2729=ORIENTED_EDGE('',*,*,#952,F.);
#2730=EDGE_LOOP('',(#2726,#2727,#2728,#2729));
#2731=FACE_OUTER_BOUND('',#2730,.T.);
#2732=CARTESIAN_POINT('',(-12.500000,0.000000,0.));
#2733=DIRECTION('',(-0.998630,-0.052336,0.));
#2734=DIRECTION('',(0.,0.,1.));
#2735=AXIS2_PLACEMENT_3D('',#2732,#2733,#2734);
#2736=PLANE('',#2735);
#2737=ADVANCED_FACE('Cyl30',(#2731),#2736,.T.);
#2738=ORIENTED_EDGE('',*,*,#657,T.);
#2739=ORIENTED_EDGE('',*,*,#962,T.);
#2740=ORIENTED_EDGE('',*,*,#1257,F.);
#2741=ORIENTED_EDGE('',*,*,#957,F.);
#2742=EDGE_LOOP('',(#2738,#2739,#2740,#2741));
#2743=FACE_OUTER_BOUND('',#2742,.T.);
#2744=CARTESIAN_POINT('',(-12.431524,-1.306606,0.));
#2745=DIRECTION('',(-0.987688,-0.156434,0.));
#2746=DIRECTION('',(0.,0.,1.));
#2747=AXIS2_PLACEMENT_3D('',#2744,#2745,#2746);
#2748=PLANE('',#2747);
#2749=ADVANCED_FACE('Cyl31',(#2743),#2748,.T.);
#2750=ORIENTED_EDGE('',*,*,#662,T.);
#2751=ORIENTED_EDGE('',*,*,#967,T.);
#2752=ORIENTED_EDGE('',*,*,#1262,F.);
#2753=ORIENTED_EDGE('',*,*,#962,F.);
#2754=EDGE_LOOP('',(#2750,#2751,#2752,#2753));
#2755=FACE_OUTER_BOUND('',#2754,.T.);
#2756=CARTESIAN_POINT('',(-12.226845,-2.598896,0.));
#2757=DIRECTION('',(-0.965926,-0.258819,0.));
#2758=DIRECTION('',(0.,0.,1.));
#2759=AXIS2_PLACEMENT_3D('',#2756,#2757,#2758);
#2760=PLANE('',#2759);
#2761=ADVANCED_FACE('Cyl32',(#2755),#2760,.T.);
#2762=ORIENTED_EDGE('',*,*,#667,T.);
#2763=ORIENTED_EDGE('',*,*,#972,T.);
#2764=ORIENTED_EDGE('',*,*,#1267,F.);
#2765=ORIENTED_EDGE('',*,*,#967,F.);
#2766=EDGE_LOOP('',(#2762,#2763,#2764,#2765));
#2767=FACE_OUTER_BOUND('',#2766,.T.);
#2768=CARTESIAN_POINT('',(-11.888206,-3.862712,0.));
#2769=DIRECTION('',(-0.933580,-0.358368,0.));
#2770=DIRECTION('',(0.,0.,1.));
#2771=AXIS2_PLACEMENT_3D('',#2768,#2769,#2770);
#2772=PLANE('',#2771);
#2773=ADVANCED_FACE('Cyl33',(#2767),#2772,.T.);
#2774=ORIENTED_EDGE('',*,*,#672,T.);
#2775=ORIENTED_EDGE('',*,*,#977,T.);
#2776=ORIENTED_EDGE('',*,*,#1272,F.);
#2777=ORIENTED_EDGE('',*,*,#972,F.);
#2778=EDGE_LOOP('',(#2774,#2775,#2776,#2777));
#2779=FACE_OUTER_BOUND('',#2778,.T.);
#2780=CARTESIAN_POINT('',(-11.419318,-5.084208,0.));
#2781=DIRECTION('',(-0.891007,-0.453990,0.));
#2782=DIRECTION('',(0.,0.,1.));
#2783=AXIS2_PLACEMENT_3D('',#2780,#2781,#2782);
#2784=PLANE('',#2783);
#2785=ADVANCED_FACE('Cyl34',(#2779),#2784,.T.);
#2786=ORIENTED_EDGE('',*,*,#677,T.);
#2787=ORIENTED_EDGE('',*,*,#982,T.);
#2788=ORIENTED_EDGE('',*,*,#1277,F.);
#2789=ORIENTED_EDGE('',*,*,#977,F.);
#2790=EDGE_LOOP('',(#2786,#2787,#2788,#2789));
#2791=FACE_OUTER_BOUND('',#2790,.T.);
#2792=CARTESIAN_POINT('',(-10.825318,-6.250000,0.));
#2793=DIRECTION('',(-0.838671,-0.544639,0.));
#2794=DIRECTION('',(0.,0.,1.));
#2795=AXIS2_PLACEMENT_3D('',#2792,#2793,#2794);
#2796=PLANE('',#2795);
#2797=ADVANCED_FACE('Cyl35',(#2791),#2796,.T.);
#2798=ORIENTED_EDGE('',*,*,#682,T.);
#2799=ORIENTED_EDGE('',*,*,#987,T.);
#2800=ORIENTED_EDGE('',*,*,#1282,F.);
#2801=ORIENTED_EDGE('',*,*,#982,F.);
#2802=EDGE_LOOP('',(#2798,#2799,#2800,#2801));
#2803=FACE_OUTER_BOUND('',#2802,.T.);
#2804=CARTESIAN_POINT('',(-10.112712,-7.347316,0.));
#2805=DIRECTION('',(-0.777146,-0.629320,0.));
#2806=DIRECTION('',(0.,0.,1.));
#2807=AXIS2_PLACEMENT_3D('',#2804,#2805,#2806);
#2808=PLANE('',#2807);
#2809=ADVANCED_FACE('Cyl36',(#2803),#2808,.T.);
#2810=ORIENTED_EDGE('',*,*,#687,T.);
#2811=ORIENTED_EDGE('',*,*,#992,T.);
#2812=ORIENTED_EDGE('',*,*,#1287,F.);
#2813=ORIENTED_EDGE('',*,*,#987,F.);
#2814=EDGE_LOOP('',(#2810,#2811,#2812,#2813));
#2815=FACE_OUTER_BOUND('',#2814,.T.);
#2816=CARTESIAN_POINT('',(-9.289310,-8.364133,0.));
#2817=DIRECTION('',(-0.707107,-0.707107,0.));
#2818=DIRECTION('',(0.,0.,1.));
#2819=AXIS2_PLACEMENT_3D('',#2816,#2817,#2818);
#2820=PLANE('',#2819);
#2821=ADVANCED_FACE('Cyl37',(#2815),#2820,.T.);
#2822=ORIENTED_EDGE('',*,*,#692,T.);
#2823=ORIENTED_EDGE('',*,*,#997,T.);
#2824=ORIENTED_EDGE('',*,*,#1292,F.);
#2825=ORIENTED_EDGE('',*,*,#992,F.);
#2826=EDGE_LOOP('',(#2822,#2823,#2824,#2825));
#2827=FACE_OUTER_BOUND('',#2826,.T.);
#2828=CARTESIAN_POINT('',(-8.364133,-9.289310,0.));
#2829=DIRECTION('',(-0.629320,-0.777146,0.));
#2830=DIRECTION('',(0.,0.,1.));
#2831=AXIS2_PLACEMENT_3D('',#2828,#2829,#2830);
#2832=PLANE('',#2831);
#2833=ADVANCED_FACE('Cyl38',(#2827),#2832,.T.);
#2834=ORIENTED_EDGE('',*,*,#697,T.);
#2835=ORIENTED_EDGE('',*,*,#1002,T.);
#2836=ORIENTED_EDGE('',*,*,#1297,F.);
#2837=ORIENTED_EDGE('',*,*,#997,F.);
#2838=EDGE_LOOP('',(#2834,#2835,#2836,#2837));
#2839=FACE_OUTER_BOUND('',#2838,.T.);
#2840=CARTESIAN_POINT('',(-7.347316,-10.112712,0.));
#2841=DIRECTION('',(-0.544639,-0.838671,0.));
#2842=DIRECTION('',(0.,0.,1.));
#2843=AXIS2_PLACEMENT_3D('',#2840,#2841,#2842);
#2844=PLANE('',#2843);
#2845=ADVANCED_FACE('Cyl39',(#2839),#2844,.T.);
#2846=ORIENTED_EDGE('',*,*,#702,T.);
#2847=ORIENTED_EDGE('',*,*,#1007,T.);
#2848=ORIENTED_EDGE('',*,*,#1302,F.);
#2849=ORIENTED_EDGE('',*,*,#1002,F.);
#2850=EDGE_LOOP('',(#2846,#2847,#2848,#2849));
#2851=FACE_OUTER_BOUND('',#2850,.T.);
#2852=CARTESIAN_POINT('',(-6.250000,-10.825318,0.));
#2853=DIRECTION('',(-0.453990,-0.891007,0.));
#2854=DIRECTION('',(0.,0.,1.));
#2855=AXIS2_PLACEMENT_3D('',#2852,#2853,#2854);
#2856=PLANE('',#2855);
#2857=ADVANCED_FACE('Cyl40',(#2851),#2856,.T.);
#2858=ORIENTED_EDGE('',*,*,#707,T.);
#2859=ORIENTED_EDGE('',*,*,#1012,T.);
#2860=ORIENTED_EDGE('',*,*,#1307,F.);
#2861=ORIENTED_EDGE('',*,*,#1007,F.);
#2862=EDGE_LOOP('',(#2858,#2859,#2860,#2861));
#2863=FACE_OUTER_BOUND('',#2862,.T.);
#2864=CARTESIAN_POINT('',(-5.084208,-11.419318,0.));
#2865=DIRECTION('',(-0.358368,-0.933580,0.));
#2866=DIRECTION('',(0.,0.,1.));
#2867=AXIS2_PLACEMENT_3D('',#2864,#2865,#2866);
#2868=PLANE('',#2867);
#2869=ADVANCED_FACE('Cyl41',(#2863),#2868,.T.);
#2870=ORIENTED_EDGE('',*,*,#712,T.);
#2871=ORIENTED_EDGE('',*,*,#1017,T.);
#2872=ORIENTED_EDGE('',*,*,#1312,F.);
#2873=ORIENTED_EDGE('',*,*,#1012,F.);
#2874=EDGE_LOOP('',(#2870,#2871,#2872,#2873));
#2875=FACE_OUTER_BOUND('',#2874,.T.);
#2876=CARTESIAN_POINT('',(-3.862712,-11.888206,0.));
#2877=DIRECTION('',(-0.258819,-0.965926,0.));
#2878=DIRECTION('',(0.,0.,1.));
#2879=AXIS2_PLACEMENT_3D('',#2876,#2877,#2878);
#2880=PLANE('',#2879);
#2881=ADVANCED_FACE('Cyl42',(#2875),#2880,.T.);
#2882=ORIENTED_EDGE('',*,*,#717,T.);
#2883=ORIENTED_EDGE('',*,*,#1022,T.);
#2884=ORIENTED_EDGE('',*,*,#1317,F.);
#2885=ORIENTED_EDGE('',*,*,#1017,F.);
#2886=EDGE_LOOP('',(#2882,#2883,#2884,#2885));
#2887=FACE_OUTER_BOUND('',#2886,.T.);
#2888=CARTESIAN_POINT('',(-2.598896,-12.226845,0.));
#2889=DIRECTION('',(-0.156434,-0.987688,0.));
#2890=DIRECTION('',(0.,0.,1.));
#2891=AXIS2_PLACEMENT_3D('',#2888,#2889,#2890);
#2892=PLANE('',#2891);
#2893=ADVANCED_FACE('Cyl43',(#2887),#2892,.T.);
#2894=ORIENTED_EDGE('',*,*,#722,T.);
#2895=ORIENTED_EDGE('',*,*,#1027,T.);
#2896=ORIENTED_EDGE('',*,*,#1322,F.);
#2897=ORIENTED_EDGE('',*,*,#1022,F.);
#2898=EDGE_LOOP('',(#2894,#2895,#2896,#2897));
#2899=FACE_OUTER_BOUND('',#2898,.T.);
#2900=CARTESIAN_POINT('',(-1.306606,-12.431524,0.));
#2901=DIRECTION('',(-0.052336,-0.998630,0.));
#2902=DIRECTION('',(0.,0.,1.));
#2903=AXIS2_PLACEMENT_3D('',#2900,#2901,#2902);
#2904=PLANE('',#2903);
#2905=ADVANCED_FACE('Cyl44',(#2899),#2904,.T.);
#2906=ORIENTED_EDGE('',*,*,#727,T.);
#2907=ORIENTED_EDGE('',*,*,#1032,T.);
#2908=ORIENTED_EDGE('',*,*,#1327,F.);
#2909=ORIENTED_EDGE('',*,*,#1027,F.);
#2910=EDGE_LOOP('',(#2906,#2907,#2908,#2909));
#2911=FACE_OUTER_BOUND('',#2910,.T.);
#2912=CARTESIAN_POINT('',(-0.000000,-12.500000,0.));
#2913=DIRECTION('',(0.052336,-0.998630,0.));
#2914=DIRECTION('',(0.,0.,1.));
#2915=AXIS2_PLACEMENT_3D('',#2912,#2913,#2914);
#2916=PLANE('',#2915);
#2917=ADVANCED_FACE('Cyl45',(#2911),#2916,.T.);
#2918=ORIENTED_EDGE('',*,*,#732,T.);
#2919=ORIENTED_EDGE('',*,*,#1037,T.);
#2920=ORIENTED_EDGE('',*,*,#1332,F.);
#2921=ORIENTED_EDGE('',*,*,#1032,F.);
#2922=EDGE_LOOP('',(#2918,#2919,#2920,#2921));
#2923=FACE_OUTER_BOUND('',#2922,.T.);
#2924=CARTESIAN_POINT('',(1.306606,-12.431524,0.));
#2925=DIRECTION('',(0.156434,-0.987688,0.));
#2926=DIRECTION('',(0.,0.,1.));
#2927=AXIS2_PLACEMENT_3D('',#2924,#2925,#2926);
#2928=PLANE('',#2927);
#2929=ADVANCED_FACE('Cyl46',(#2923),#2928,.T.);
#2930=ORIENTED_EDGE('',*,*,#737,T.);
#2931=ORIENTED_EDGE('',*,*,#1042,T.);
#2932=ORIENTED_EDGE('',*,*,#1337,F.);
#2933=ORIENTED_EDGE('',*,*,#1037,F.);
#2934=EDGE_LOOP('',(#2930,#2931,#2932,#2933));
#2935=FACE_OUTER_BOUND('',#2934,.T.);
#2936=CARTESIAN_POINT('',(2.598896,-12.226845,0.));
#2937=DIRECTION('',(0.258819,-0.965926,0.));
#2938=DIRECTION('',(0.,0.,1.));
#2939=AXIS2_PLACEMENT_3D('',#2936,#2937,#2938);
#2940=PLANE('',#2939);
#2941=ADVANCED_FACE('Cyl47',(#2935),#2940,.T.);
#2942=ORIENTED_EDGE('',*,*,#742,T.);
#2943=ORIENTED_EDGE('',*,*,#1047,T.);
#2944=ORIENTED_EDGE('',*,*,#1342,F.);
#2945=ORIENTED_EDGE('',*,*,#1042,F.);
#2946=EDGE_LOOP('',(#2942,#2943,#2944,#2945));
#2947=FACE_OUTER_BOUND('',#2946,.T.);
#2948=CARTESIAN_POINT('',(3.862712,-11.888206,0.));
#2949=DIRECTION('',(0.358368,-0.933580,0.));
#2950=DIRECTION('',(0.,0.,1.));
#2951=AXIS2_PLACEMENT_3D('',#2948,#2949,#2950);
#2952=PLANE('',#2951);
#2953=ADVANCED_FACE('Cyl48',(#2947),#2952,.T.);
#2954=ORIENTED_EDGE('',*,*,#747,T.);
#2955=ORIENTED_EDGE('',*,*,#1052,T.);
#2956=ORIENTED_EDGE('',*,*,#1347,F.);
#2957=ORIENTED_EDGE('',*,*,#1047,F.);
#2958=EDGE_LOOP('',(#2954,#2955,#2956,#2957));
#2959=FACE_OUTER_BOUND('',#2958,.T.);
#2960=CARTESIAN_POINT('',(5.084208,-11.419318,0.));
#2961=DIRECTION('',(0.453990,-0.891007,0.));
#2962=DIRECTION('',(0.,0.,1.));
#2963=AXIS2_PLACEMENT_3D('',#2960,#2961,#2962);
#2964=PLANE('',#2963);
#2965=ADVANCED_FACE('Cyl49',(#2959),#2964,.T.);
#2966=ORIENTED_EDGE('',*,*,#752,T.);
#2967=ORIENTED_EDGE('',*,*,#1057,T.);
#2968=ORIENTED_EDGE('',*,*,#1352,F.);
#2969=ORIENTED_EDGE('',*,*,#1052,F.);
#2970=EDGE_LOOP('',(#2966,#2967,#2968,#2969));
#2971=FACE_OUTER_BOUND('',#2970,.T.);
#2972=CARTESIAN_POINT('',(6.250000,-10.825318,0.));
#2973=DIRECTION('',(0.544639,-0.838671,0.));
#2974=DIRECTION('',(0.,0.,1.));
#2975=AXIS2_PLACEMENT_3D('',#2972,#2973,#2974);
#2976=PLANE('',#2975);
#2977=ADVANCED_FACE('Cyl50',(#2971),#2976,.T.);
#2978=ORIENTED_EDGE('',*,*,#757,T.);
#2979=ORIENTED_EDGE('',*,*,#1062,T.);
#2980=ORIENTED_EDGE('',*,*,#1357,F.);
#2981=ORIENTED_EDGE('',*,*,#1057,F.);
#2982=EDGE_LOOP('',(#2978,#2979,#2980,#2981));
#2983=FACE_OUTER_BOUND('',#2982,.T.);
#2984=CARTESIAN_POINT('',(7.347316,-10.112712,0.));
#2985=DIRECTION('',(0.629320,-0.777146,0.));
#2986=DIRECTION('',(0.,0.,1.));
#2987=AXIS2_PLACEMENT_3D('',#2984,#2985,#2986);
#2988=PLANE('',#2987);
#2989=ADVANCED_FACE('Cyl51',(#2983),#2988,.T.);
#2990=ORIENTED_EDGE('',*,*,#762,T.);
#2991=ORIENTED_EDGE('',*,*,#1067,T.);
#2992=ORIENTED_EDGE('',*,*,#1362,F.);
#2993=ORIENTED_EDGE('',*,*,#1062,F.);
#2994=EDGE_LOOP('',(#2990,#2991,#2992,#2993));
#2995=FACE_OUTER_BOUND('',#2994,.T.);
#2996=CARTESIAN_POINT('',(8.364133,-9.289310,0.));
#2997=DIRECTION('',(0.707107,-0.707107,0.));
#2998=DIRECTION('',(0.,0.,1.));
#2999=AXIS2_PLACEMENT_3D('',#2996,#2997,#2998);
#3000=PLANE('',#2999);
#3001=ADVANCED_FACE('Cyl52',(#2995),#3000,.T.);
#3002=ORIENTED_EDGE('',*,*,#767,T.);
#3003=ORIENTED_EDGE('',*,*,#1072,T.);
#3004=ORIENTED_EDGE('',*,*,#1367,F.);
#3005=ORIENTED_EDGE('',*,*,#1067,F.);
#3006=EDGE_LOOP('',(#3002,#3003,#3004,#3005));
#3007=FACE_OUTER_BOUND('',#3006,.T.);
#3008=CARTESIAN_POINT('',(9.289310,-8.364133,0.));
#3009=DIRECTION('',(0.777146,-0.629320,0.));
#3010=DIRECTION('',(0.,0.,1.));
#3011=AXIS2_PLACEMENT_3D('',#3008,#3009,#3010);
#3012=PLANE('',#3011);
#3013=ADVANCED_FACE('Cyl53',(#3007),#3012,.T.);
#3014=ORIENTED_EDGE('',*,*,#772,T.);
#3015=ORIENTED_EDGE('',*,*,#1077,T.);
#3016=ORIENTED_EDGE('',*,*,#1372,F.);
#3017=ORIENTED_EDGE('',*,*,#1072,F.);
#3018=EDGE_LOOP('',(#3014,#3015,#3016,#3017));
#3019=FACE_OUTER_BOUND('',#3018,.T.);
#3020=CARTESIAN_POINT('',(10.112712,-7.347316,0.));
#3021=DIRECTION('',(0.838671,-0.544639,0.));
#3022=DIRECTION('',(0.,0.,1.));
#3023=AXIS2_PLACEMENT_3D('',#3020,#3021,#3022);
#3024=PLANE('',#3023);
#3025=ADVANCED_FACE('Cyl54',(#3019),#3024,.T.);
#3026=ORIENTED_EDGE('',*,*,#777,T.);
#3027=ORIENTED_EDGE('',*,*,#1082,T.);
#3028=ORIENTED_EDGE('',*,*,#1377,F.);
#3029=ORIENTED_EDGE('',*,*,#1077,F.);
#3030=EDGE_LOOP('',(#3026,#3027,#3028,#3029));
#3031=FACE_OUTER_BOUND('',#3030,.T.);
#3032=CARTESIAN_POINT('',(10.825318,-6.250000,0.));
#3033=DIRECTION('',(0.891007,-0.453990,0.));
#3034=DIRECTION('',(0.,0.,1.));
#3035=AXIS2_PLACEMENT_3D('',#3032,#3033,#3034);
#3036=PLANE('',#3035);
#3037=ADVANCED_FACE('Cyl55',(#3031),#3036,.T.);
#3038=ORIENTED_EDGE('',*,*,#782,T.);
#3039=ORIENTED_EDGE('',*,*,#1087,T.);
#3040=ORIENTED_EDGE('',*,*,#1382,F.);
#3041=ORIENTED_EDGE('',*,*,#1082,F.);
#3042=EDGE_LOOP('',(#3038,#3039,#3040,#3041));
#3043=FACE_OUTER_BOUND('',#3042,.T.);
#3044=CARTESIAN_POINT('',(11.419318,-5.084208,0.));
#3045=DIRECTION('',(0.933580,-0.358368,0.));
#3046=DIRECTION('',(0.,0.,1.));
#3047=AXIS2_PLACEMENT_3D('',#3044,#3045,#3046);
#3048=PLANE('',#3047);
#3049=ADVANCED_FACE('Cyl56',(#3043),#3048,.T.);
#3050=ORIENTED_EDGE('',*,*,#787,T.);
#3051=ORIENTED_EDGE('',*,*,#1092,T.);
#3052=ORIENTED_EDGE('',*,*,#1387,F.);
#3053=ORIENTED_EDGE('',*,*,#1087,F.);
#3054=EDGE_LOOP('',(#3050,#3051,#3052,#3053));
#3055=FACE_OUTER_BOUND('',#3054,.T.);
#3056=CARTESIAN_POINT('',(11.888206,-3.862712,0.));
#3057=DIRECTION('',(0.965926,-0.258819,0.));
#3058=DIRECTION('',(0.,0.,1.));
#3059=AXIS2_PLACEMENT_3D('',#3056,#3057,#3058);
#3060=PLANE('',#3059);
#3061=ADVANCED_FACE('Cyl57',(#3055),#3060,.T.);
#3062=ORIENTED_EDGE('',*,*,#792,T.);
#3063=ORIENTED_EDGE('',*,*,#1097,T.);
#3064=ORIENTED_EDGE('',*,*,#1392,F.);
#3065=ORIENTED_EDGE('',*,*,#1092,F.);
#3066=EDGE_LOOP('',(#3062,#3063,#3064,#3065));
#3067=FACE_OUTER_BOUND('',#3066,.T.);
#3068=CARTESIAN_POINT('',(12.226845,-2.598896,0.));
#3069=DIRECTION('',(0.987688,-0.156434,0.));
#3070=DIRECTION('',(0.,0.,1.));
#3071=AXIS2_PLACEMENT_3D('',#3068,#3069,#3070);
#3072=PLANE('',#3071);
#3073=ADVANCED_FACE('Cyl58',(#3067),#3072,.T.);
#3074=ORIENTED_EDGE('',*,*,#797,T.);
#3075=ORIENTED_EDGE('',*,*,#802,T.);
#3076=ORIENTED_EDGE('',*,*,#1397,F.);
#3077=ORIENTED_EDGE('',*,*,#1097,F.);
#3078=EDGE_LOOP('',(#3074,#3075,#3076,#3077));
#3079=FACE_OUTER_BOUND('',#3078,.T.);
#3080=CARTESIAN_POINT('',(12.431524,-1.306606,0.));
#3081=DIRECTION('',(0.998630,-0.052336,0.));
#3082=DIRECTION('',(0.,0.,1.));
#3083=AXIS2_PLACEMENT_3D('',#3080,#3081,#3082);
#3084=PLANE('',#3083);
#3085=ADVANCED_FACE('Cyl59',(#3079),#3084,.T.);
#3086=ORIENTED_EDGE('',*,*,#1692,F.);
#3087=ORIENTED_EDGE('',*,*,#1687,F.);
#3088=ORIENTED_EDGE('',*,*,#1682,F.);
#3089=ORIENTED_EDGE('',*,*,#1677,F.);
#3090=ORIENTED_EDGE('',*,*,#1672,F.);
#3091=ORIENTED_EDGE('',*,*,#1667,F.);
#3092=ORIENTED_EDGE('',*,*,#1662,F.);
#3093=ORIENTED_EDGE('',*,*,#1657,F.);
#3094=ORIENTED_EDGE('',*,*,#1652,F.);
#3095=ORIENTED_EDGE('',*,*,#1647,F.);
#3096=ORIENTED_EDGE('',*,*,#1642,F.);
#3097=ORIENTED_EDGE('',*,*,#1637,F.);
#3098=ORIENTED_EDGE('',*,*,#1632,F.);
#3099=ORIENTED_EDGE('',*,*,#1627,F.);
#3100=ORIENTED_EDGE('',*,*,#1622,F.);
#3101=ORIENTED_EDGE('',*,*,#1617,F.);
#3102=ORIENTED_EDGE('',*,*,#1612,F.);
#3103=ORIENTED_EDGE('',*,*,#1607,F.);
#3104=ORIENTED_EDGE('',*,*,#1602,F.);
#3105=ORIENTED_EDGE('',*,*,#1597,F.);
#3106=ORIENTED_EDGE('',*,*,#1592,F.);
#3107=ORIENTED_EDGE('',*,*,#1587,F.);
#3108=ORIENTED_EDGE('',*,*,#1582,F.);
#3109=ORIENTED_EDGE('',*,*,#1577,F.);
#3110=ORIENTED_EDGE('',*,*,#1572,F.);
#3111=ORIENTED_EDGE('',*,*,#1567,F.);
#3112=ORIENTED_EDGE('',*,*,#1562,F.);
#3113=ORIENTED_EDGE('',*,*,#1557,F.);
#3114=ORIENTED_EDGE('',*,*,#1552,F.);
#3115=ORIENTED_EDGE('',*,*,#1547,F.);
#3116=ORIENTED_EDGE('',*,*,#1542,F.);
#3117=ORIENTED_EDGE('',*,*,#1537,F.);
#3118=ORIENTED_EDGE('',*,*,#1532,F.);
#3119=ORIENTED_EDGE('',*,*,#1527,F.);
#3120=ORIENTED_EDGE('',*,*,#1522,F.);
#3121=ORIENTED_EDGE('',*,*,#1517,F.);
#3122=ORIENTED_EDGE('',*,*,#1512,F.);
#3123=ORIENTED_EDGE('',*,*,#1507,F.);
#3124=ORIENTED_EDGE('',*,*,#1502,F.);
#3125=ORIENTED_EDGE('',*,*,#1497,F.);
#3126=ORIENTED_EDGE('',*,*,#1492,F.);
#3127=ORIENTED_EDGE('',*,*,#1487,F.);
#3128=ORIENTED_EDGE('',*,*,#1482,F.);
#3129=ORIENTED_EDGE('',*,*,#1477,F.);
#3130=ORIENTED_EDGE('',*,*,#1472,F.);
#3131=ORIENTED_EDGE('',*,*,#1467,F.);
#3132=ORIENTED_EDGE('',*,*,#1462,F.);
#3133=ORIENTED_EDGE('',*,*,#1457,F.);
#3134=ORIENTED_EDGE('',*,*,#1452,F.);
#3135=ORIENTED_EDGE('',*,*,#1447,F.);
#3136=ORIENTED_EDGE('',*,*,#1442,F.);
#3137=ORIENTED_EDGE('',*,*,#1437,F.);
#3138=ORIENTED_EDGE('',*,*,#1432,F.);
#3139=ORIENTED_EDGE('',*,*,#1427,F.);
#3140=ORIENTED_EDGE('',*,*,#1422,F.);
#3141=ORIENTED_EDGE('',*,*,#1417,F.);
#3142=ORIENTED_EDGE('',*,*,#1412,F.);
#3143=ORIENTED_EDGE('',*,*,#1407,F.);
#3144=ORIENTED_EDGE('',*,*,#1402,F.);
#3145=ORIENTED_EDGE('',*,*,#1697,F.);
#3146=ORIENTED_EDGE('',*,*,#1102,T.);
#3147=ORIENTED_EDGE('',*,*,#1107,T.);
#3148=ORIENTED_EDGE('',*,*,#1112,T.);
#3149=ORIENTED_EDGE('',*,*,#1117,T.);
#3150=ORIENTED_EDGE('',*,*,#1122,T.);
#3151=ORIENTED_EDGE('',*,*,#1127,T.);
#3152=ORIENTED_EDGE('',*,*,#1132,T.);
#3153=ORIENTED_EDGE('',*,*,#1137,T.);
#3154=ORIENTED_EDGE('',*,*,#1142,T.);
#3155=ORIENTED_EDGE('',*,*,#1147,T.);
#3156=ORIENTED_EDGE('',*,*,#1152,T.);
#3157=ORIENTED_EDGE('',*,*,#1157,T.);
#3158=ORIENTED_EDGE('',*,*,#1162,T.);
#3159=ORIENTED_EDGE('',*,*,#1167,T.);
#3160=ORIENTED_EDGE('',*,*,#1172,T.);
#3161=ORIENTED_EDGE('',*,*,#1177,T.);
#3162=ORIENTED_EDGE('',*,*,#1182,T.);
#3163=ORIENTED_EDGE('',*,*,#1187,T.);
#3164=ORIENTED_EDGE('',*,*,#1192,T.);
#3165=ORIENTED_EDGE('',*,*,#1197,T.);
#3166=ORIENTED_EDGE('',*,*,#1202,T.);
#3167=ORIENTED_EDGE('',*,*,#1207,T.);
#3168=ORIENTED_EDGE('',*,*,#1212,T.);
#3169=ORIENTED_EDGE('',*,*,#1217,T.);
#3170=ORIENTED_EDGE('',*,*,#1222,T.);
#3171=ORIENTED_EDGE('',*,*,#1227,T.);
#3172=ORIENTED_EDGE('',*,*,#1232,T.);
#3173=ORIENTED_EDGE('',*,*,#1237,T.);
#3174=ORIENTED_EDGE('',*,*,#1242,T.);
#3175=ORIENTED_EDGE('',*,*,#1247,T.);
#3176=ORIENTED_EDGE('',*,*,#1252,T.);
#3177=ORIENTED_EDGE('',*,*,#1257,T.);
#3178=ORIENTED_EDGE('',*,*,#1262,T.);
#3179=ORIENTED_EDGE('',*,*,#1267,T.);
#3180=ORIENTED_EDGE('',*,*,#1272,T.);
#3181=ORIENTED_EDGE('',*,*,#1277,T.);
#3182=ORIENTED_EDGE('',*,*,#1282,T.);
#3183=ORIENTED_EDGE('',*,*,#1287,T.);
#3184=ORIENTED_EDGE('',*,*,#1292,T.);
#3185=ORIENTED_EDGE('',*,*,#1297,T.);
#3186=ORIENTED_EDGE('',*,*,#1302,T.);
#3187=ORIENTED_EDGE('',*,*,#1307,T.);
#3188=ORIENTED_EDGE('',*,*,#1312,T.);
#3189=ORIENTED_EDGE('',*,*,#1317,T.);
#3190=ORIENTED_EDGE('',*,*,#1322,T.);
#3191=ORIENTED_EDGE('',*,*,#1327,T.);
#3192=ORIENTED_EDGE('',*,*,#1332,T.);
#3193=ORIENTED_EDGE('',*,*,#1337,T.);
#3194=ORIENTED_EDGE('',*,*,#1342,T.);
#3195=ORIENTED_EDGE('',*,*,#1347,T.);
#3196=ORIENTED_EDGE('',*,*,#1352,T.);
#3197=ORIENTED_EDGE('',*,*,#1357,T.);
#3198=ORIENTED_EDGE('',*,*,#1362,T.);
#3199=ORIENTED_EDGE('',*,*,#1367,T.);
#3200=ORIENTED_EDGE('',*,*,#1372,T.);
#3201=ORIENTED_EDGE('',*,*,#1377,T.);
#3202=ORIENTED_EDGE('',*,*,#1382,T.);
#3203=ORIENTED_EDGE('',*,*,#1387,T.);
#3204=ORIENTED_EDGE('',*,*,#1392,T.);
#3205=ORIENTED_EDGE('',*,*,#1397,T.);
#3206=EDGE_LOOP('',(#3086,#3087,#3088,#3089,#3090,#3091,#3092,#3093,#3094,#3095,#3096,#3097,#3098,#3099,#3100,#3101,#3102,#3103,#3104,#3105,#3106,#3107,#3108,#3109,#3110,#3111,#3112,#3113,#3114,#3115,#3116,#3117,#3118,#3119,#3120,#3121,#3122,#3123,#3124,#3125,#3126,#3127,#3128,#3129,#3130,#3131,#3132,#3133,#3134,#3135,#3136,#3137,#3138,#3139,#3140,#3141,#3142,#3143,#3144,#3145));
#3207=FACE_OUTER_BOUND('',#3206,.T.);
#3208=EDGE_LOOP('',(#3146,#3147,#3148,#3149,#3150,#3151,#3152,#3153,#3154,#3155,#3156,#3157,#3158,#3159,#3160,#3161,#3162,#3163,#3164,#3165,#3166,#3167,#3168,#3169,#3170,#3171,#3172,#3173,#3174,#3175,#3176,#3177,#3178,#3179,#3180,#3181,#3182,#3183,#3184,#3185,#3186,#3187,#3188,#3189,#3190,#3191,#3192,#3193,#3194,#3195,#3196,#3197,#3198,#3199,#3200,#3201,#3202,#3203,#3204,#3205));
#3209=FACE_BOUND('',#3208,.T.);
#3210=CARTESIAN_POINT('',(0.0000,0.0000,38.0000));
#3211=DIRECTION('',(0.000000,0.000000,-1.000000));
#3212=DIRECTION('',(1.,0.,0.));
#3213=AXIS2_PLACEMENT_3D('',#3210,#3211,#3212);
#3214=PLANE('',#3213);
#3215=ADVANCED_FACE('Shoulder',(#3207,#3209),#3214,.F.);
#3216=ORIENTED_EDGE('',*,*,#1402,T.);
#3217=ORIENTED_EDGE('',*,*,#1707,T.);
#3218=ORIENTED_EDGE('',*,*,#2002,F.);
#3219=ORIENTED_EDGE('',*,*,#1702,F.);
#3220=EDGE_LOOP('',(#3216,#3217,#3218,#3219));
#3221=FACE_OUTER_BOUND('',#3220,.T.);
#3222=CARTESIAN_POINT('',(2.608790,24.820979,38.0000));
#3223=DIRECTION('',(0.500009,0.866020,0.));
#3224=DIRECTION('',(0.,0.,1.));
#3225=AXIS2_PLACEMENT_3D('',#3222,#3223,#3224);
#3226=PLANE('',#3225);
#3227=ADVANCED_FACE('Tooth0',(#3221),#3226,.T.);
#3228=ORIENTED_EDGE('',*,*,#1407,T.);
#3229=ORIENTED_EDGE('',*,*,#1712,T.);
#3230=ORIENTED_EDGE('',*,*,#2007,F.);
#3231=ORIENTED_EDGE('',*,*,#1707,F.);
#3232=EDGE_LOOP('',(#3228,#3229,#3230,#3231));
#3233=FACE_OUTER_BOUND('',#3232,.T.);
#3234=CARTESIAN_POINT('',(0.000000,26.327200,38.0000));
#3235=DIRECTION('',(-0.500009,0.866020,0.));
#3236=DIRECTION('',(0.,0.,1.));
#3237=AXIS2_PLACEMENT_3D('',#3234,#3235,#3236);
#3238=PLANE('',#3237);
#3239=ADVANCED_FACE('Tooth1',(#3233),#3238,.T.);
#3240=ORIENTED_EDGE('',*,*,#1412,T.);
#3241=ORIENTED_EDGE('',*,*,#1717,T.);
#3242=ORIENTED_EDGE('',*,*,#2012,F.);
#3243=ORIENTED_EDGE('',*,*,#1712,F.);
#3244=EDGE_LOOP('',(#3240,#3241,#3242,#3243));
#3245=FACE_OUTER_BOUND('',#3244,.T.);
#3246=CARTESIAN_POINT('',(-2.608790,24.820979,38.0000));
#3247=DIRECTION('',(0.309027,0.951053,0.));
#3248=DIRECTION('',(0.,0.,1.));
#3249=AXIS2_PLACEMENT_3D('',#3246,#3247,#3248);
#3250=PLANE('',#3249);
#3251=ADVANCED_FACE('Tooth2',(#3245),#3250,.T.);
#3252=ORIENTED_EDGE('',*,*,#1417,T.);
#3253=ORIENTED_EDGE('',*,*,#1722,T.);
#3254=ORIENTED_EDGE('',*,*,#2017,F.);
#3255=ORIENTED_EDGE('',*,*,#1717,F.);
#3256=EDGE_LOOP('',(#3252,#3253,#3254,#3255));
#3257=FACE_OUTER_BOUND('',#3256,.T.);
#3258=CARTESIAN_POINT('',(-5.473733,25.751888,38.0000));
#3259=DIRECTION('',(-0.669138,0.743138,0.));
#3260=DIRECTION('',(0.,0.,1.));
#3261=AXIS2_PLACEMENT_3D('',#3258,#3259,#3260);
#3262=PLANE('',#3261);
#3263=ADVANCED_FACE('Tooth3',(#3257),#3262,.T.);
#3264=ORIENTED_EDGE('',*,*,#1422,T.);
#3265=ORIENTED_EDGE('',*,*,#1727,T.);
#3266=ORIENTED_EDGE('',*,*,#2022,F.);
#3267=ORIENTED_EDGE('',*,*,#1722,F.);
#3268=EDGE_LOOP('',(#3264,#3265,#3266,#3267));
#3269=FACE_OUTER_BOUND('',#3268,.T.);
#3270=CARTESIAN_POINT('',(-7.712353,23.736183,38.0000));
#3271=DIRECTION('',(0.104539,0.994521,0.));
#3272=DIRECTION('',(0.,0.,1.));
#3273=AXIS2_PLACEMENT_3D('',#3270,#3271,#3272);
#3274=PLANE('',#3273);
#3275=ADVANCED_FACE('Tooth4',(#3269),#3274,.T.);
#3276=ORIENTED_EDGE('',*,*,#1427,T.);
#3277=ORIENTED_EDGE('',*,*,#1732,T.);
#3278=ORIENTED_EDGE('',*,*,#2027,F.);
#3279=ORIENTED_EDGE('',*,*,#1727,F.);
#3280=EDGE_LOOP('',(#3276,#3277,#3278,#3279));
#3281=FACE_OUTER_BOUND('',#3280,.T.);
#3282=CARTESIAN_POINT('',(-10.708237,24.051094,38.0000));
#3283=DIRECTION('',(-0.809023,0.587777,0.));
#3284=DIRECTION('',(0.,0.,1.));
#3285=AXIS2_PLACEMENT_3D('',#3282,#3283,#3284);
#3286=PLANE('',#3285);
#3287=ADVANCED_FACE('Tooth5',(#3281),#3286,.T.);
#3288=ORIENTED_EDGE('',*,*,#1432,T.);
#3289=ORIENTED_EDGE('',*,*,#1737,T.);
#3290=ORIENTED_EDGE('',*,*,#2032,F.);
#3291=ORIENTED_EDGE('',*,*,#1732,F.);
#3292=EDGE_LOOP('',(#3288,#3289,#3290,#3291));
#3293=FACE_OUTER_BOUND('',#3292,.T.);
#3294=CARTESIAN_POINT('',(-12.478850,21.614002,38.0000));
#3295=DIRECTION('',(-0.104518,0.994523,0.));
#3296=DIRECTION('',(0.,0.,1.));
#3297=AXIS2_PLACEMENT_3D('',#3294,#3295,#3296);
#3298=PLANE('',#3297);
#3299=ADVANCED_FACE('Tooth6',(#3293),#3298,.T.);
#3300=ORIENTED_EDGE('',*,*,#1437,T.);
#3301=ORIENTED_EDGE('',*,*,#1742,T.);
#3302=ORIENTED_EDGE('',*,*,#2037,F.);
#3303=ORIENTED_EDGE('',*,*,#1737,F.);
#3304=EDGE_LOOP('',(#3300,#3301,#3302,#3303));
#3305=FACE_OUTER_BOUND('',#3304,.T.);
#3306=CARTESIAN_POINT('',(-15.474740,21.299152,38.0000));
#3307=DIRECTION('',(-0.913550,0.406727,0.));
#3308=DIRECTION('',(0.,0.,1.));
#3309=AXIS2_PLACEMENT_3D('',#3306,#3307,#3308);
#3310=PLANE('',#3309);
#3311=ADVANCED_FACE('Tooth7',(#3305),#3310,.T.);
#3312=ORIENTED_EDGE('',*,*,#1442,T.);
#3313=ORIENTED_EDGE('',*,*,#1747,T.);
#3314=ORIENTED_EDGE('',*,*,#2042,F.);
#3315=ORIENTED_EDGE('',*,*,#1742,F.);
#3316=EDGE_LOOP('',(#3312,#3313,#3314,#3315));
#3317=FACE_OUTER_BOUND('',#3316,.T.);
#3318=CARTESIAN_POINT('',(-16.699961,18.547186,38.0000));
#3319=DIRECTION('',(-0.309007,0.951060,0.));
#3320=DIRECTION('',(0.,0.,1.));
#3321=AXIS2_PLACEMENT_3D('',#3318,#3319,#3320);
#3322=PLANE('',#3321);
#3323=ADVANCED_FACE('Tooth8',(#3317),#3322,.T.);
#3324=ORIENTED_EDGE('',*,*,#1447,T.);
#3325=ORIENTED_EDGE('',*,*,#1752,T.);
#3326=ORIENTED_EDGE('',*,*,#2047,F.);
#3327=ORIENTED_EDGE('',*,*,#1747,F.);
#3328=EDGE_LOOP('',(#3324,#3325,#3326,#3327));
#3329=FACE_OUTER_BOUND('',#3328,.T.);
#3330=CARTESIAN_POINT('',(-19.564922,17.616335,38.0000));
#3331=DIRECTION('',(-0.978150,0.207902,0.));
#3332=DIRECTION('',(0.,0.,1.));
#3333=AXIS2_PLACEMENT_3D('',#3330,#3331,#3332);
#3334=PLANE('',#3333);
#3335=ADVANCED_FACE('Tooth9',(#3329),#3334,.T.);
#3336=ORIENTED_EDGE('',*,*,#1452,T.);
#3337=ORIENTED_EDGE('',*,*,#1757,T.);
#3338=ORIENTED_EDGE('',*,*,#2052,F.);
#3339=ORIENTED_EDGE('',*,*,#1752,F.);
#3340=EDGE_LOOP('',(#3336,#3337,#3338,#3339));
#3341=FACE_OUTER_BOUND('',#3340,.T.);
#3342=CARTESIAN_POINT('',(-20.191203,14.669768,38.0000));
#3343=DIRECTION('',(-0.499991,0.866030,0.));
#3344=DIRECTION('',(0.,0.,1.));
#3345=AXIS2_PLACEMENT_3D('',#3342,#3343,#3344);
#3346=PLANE('',#3345);
#3347=ADVANCED_FACE('Tooth10',(#3341),#3346,.T.);
#3348=ORIENTED_EDGE('',*,*,#1457,T.);
#3349=ORIENTED_EDGE('',*,*,#1762,T.);
#3350=ORIENTED_EDGE('',*,*,#2057,F.);
#3351=ORIENTED_EDGE('',*,*,#1757,F.);
#3352=EDGE_LOOP('',(#3348,#3349,#3350,#3351));
#3353=FACE_OUTER_BOUND('',#3352,.T.);
#3354=CARTESIAN_POINT('',(-22.800024,13.163600,38.0000));
#3355=DIRECTION('',(-1.000000,-0.000010,0.));
#3356=DIRECTION('',(0.,0.,1.));
#3357=AXIS2_PLACEMENT_3D('',#3354,#3355,#3356);
#3358=PLANE('',#3357);
#3359=ADVANCED_FACE('Tooth11',(#3353),#3358,.T.);
#3360=ORIENTED_EDGE('',*,*,#1462,T.);
#3361=ORIENTED_EDGE('',*,*,#1767,T.);
#3362=ORIENTED_EDGE('',*,*,#2062,F.);
#3363=ORIENTED_EDGE('',*,*,#1762,F.);
#3364=EDGE_LOOP('',(#3360,#3361,#3362,#3363));
#3365=FACE_OUTER_BOUND('',#3364,.T.);
#3366=CARTESIAN_POINT('',(-22.799993,10.151211,38.0000));
#3367=DIRECTION('',(-0.669123,0.743152,0.));
#3368=DIRECTION('',(0.,0.,1.));
#3369=AXIS2_PLACEMENT_3D('',#3366,#3367,#3368);
#3370=PLANE('',#3369);
#3371=ADVANCED_FACE('Tooth12',(#3365),#3370,.T.);
#3372=ORIENTED_EDGE('',*,*,#1467,T.);
#3373=ORIENTED_EDGE('',*,*,#1772,T.);
#3374=ORIENTED_EDGE('',*,*,#2067,F.);
#3375=ORIENTED_EDGE('',*,*,#1767,F.);
#3376=EDGE_LOOP('',(#3372,#3373,#3374,#3375));
#3377=FACE_OUTER_BOUND('',#3376,.T.);
#3378=CARTESIAN_POINT('',(-25.038655,8.135552,38.0000));
#3379=DIRECTION('',(-0.978145,-0.207922,0.));
#3380=DIRECTION('',(0.,0.,1.));
#3381=AXIS2_PLACEMENT_3D('',#3378,#3379,#3380);
#3382=PLANE('',#3381);
#3383=ADVANCED_FACE('Tooth13',(#3377),#3382,.T.);
#3384=ORIENTED_EDGE('',*,*,#1472,T.);
#3385=ORIENTED_EDGE('',*,*,#1777,T.);
#3386=ORIENTED_EDGE('',*,*,#2072,F.);
#3387=ORIENTED_EDGE('',*,*,#1772,F.);
#3388=EDGE_LOOP('',(#3384,#3385,#3386,#3387));
#3389=FACE_OUTER_BOUND('',#3388,.T.);
#3390=CARTESIAN_POINT('',(-24.412314,5.188998,38.0000));
#3391=DIRECTION('',(-0.809011,0.587793,0.));
#3392=DIRECTION('',(0.,0.,1.));
#3393=AXIS2_PLACEMENT_3D('',#3390,#3391,#3392);
#3394=PLANE('',#3393);
#3395=ADVANCED_FACE('Tooth14',(#3389),#3394,.T.);
#3396=ORIENTED_EDGE('',*,*,#1477,T.);
#3397=ORIENTED_EDGE('',*,*,#1782,T.);
#3398=ORIENTED_EDGE('',*,*,#2077,F.);
#3399=ORIENTED_EDGE('',*,*,#1777,F.);
#3400=EDGE_LOOP('',(#3396,#3397,#3398,#3399));
#3401=FACE_OUTER_BOUND('',#3400,.T.);
#3402=CARTESIAN_POINT('',(-26.182977,2.751942,38.0000));
#3403=DIRECTION('',(-0.913541,-0.406746,0.));
#3404=DIRECTION('',(0.,0.,1.));
#3405=AXIS2_PLACEMENT_3D('',#3402,#3403,#3404);
#3406=PLANE('',#3405);
#3407=ADVANCED_FACE('Tooth15',(#3401),#3406,.T.);
#3408=ORIENTED_EDGE('',*,*,#1482,T.);
#3409=ORIENTED_EDGE('',*,*,#1787,T.);
#3410=ORIENTED_EDGE('',*,*,#2082,F.);
#3411=ORIENTED_EDGE('',*,*,#1782,F.);
#3412=EDGE_LOOP('',(#3408,#3409,#3410,#3411));
#3413=FACE_OUTER_BOUND('',#3412,.T.);
#3414=CARTESIAN_POINT('',(-24.957700,0.000000,38.0000));
#3415=DIRECTION('',(-0.913541,0.406746,0.));
#3416=DIRECTION('',(0.,0.,1.));
#3417=AXIS2_PLACEMENT_3D('',#3414,#3415,#3416);
#3418=PLANE('',#3417);
#3419=ADVANCED_FACE('Tooth16',(#3413),#3418,.T.);
#3420=ORIENTED_EDGE('',*,*,#1487,T.);
#3421=ORIENTED_EDGE('',*,*,#1792,T.);
#3422=ORIENTED_EDGE('',*,*,#2087,F.);
#3423=ORIENTED_EDGE('',*,*,#1787,F.);
#3424=EDGE_LOOP('',(#3420,#3421,#3422,#3423));
#3425=FACE_OUTER_BOUND('',#3424,.T.);
#3426=CARTESIAN_POINT('',(-26.182977,-2.751942,38.0000));
#3427=DIRECTION('',(-0.809011,-0.587793,0.));
#3428=DIRECTION('',(0.,0.,1.));
#3429=AXIS2_PLACEMENT_3D('',#3426,#3427,#3428);
#3430=PLANE('',#3429);
#3431=ADVANCED_FACE('Tooth17',(#3425),#3430,.T.);
#3432=ORIENTED_EDGE('',*,*,#1492,T.);
#3433=ORIENTED_EDGE('',*,*,#1797,T.);
#3434=ORIENTED_EDGE('',*,*,#2092,F.);
#3435=ORIENTED_EDGE('',*,*,#1792,F.);
#3436=EDGE_LOOP('',(#3432,#3433,#3434,#3435));
#3437=FACE_OUTER_BOUND('',#3436,.T.);
#3438=CARTESIAN_POINT('',(-24.412314,-5.188998,38.0000));
#3439=DIRECTION('',(-0.978145,0.207922,0.));
#3440=DIRECTION('',(0.,0.,1.));
#3441=AXIS2_PLACEMENT_3D('',#3438,#3439,#3440);
#3442=PLANE('',#3441);
#3443=ADVANCED_FACE('Tooth18',(#3437),#3442,.T.);
#3444=ORIENTED_EDGE('',*,*,#1497,T.);
#3445=ORIENTED_EDGE('',*,*,#1802,T.);
#3446=ORIENTED_EDGE('',*,*,#2097,F.);
#3447=ORIENTED_EDGE('',*,*,#1797,F.);
#3448=EDGE_LOOP('',(#3444,#3445,#3446,#3447));
#3449=FACE_OUTER_BOUND('',#3448,.T.);
#3450=CARTESIAN_POINT('',(-25.038655,-8.135552,38.0000));
#3451=DIRECTION('',(-0.669123,-0.743152,0.));
#3452=DIRECTION('',(0.,0.,1.));
#3453=AXIS2_PLACEMENT_3D('',#3450,#3451,#3452);
#3454=PLANE('',#3453);
#3455=ADVANCED_FACE('Tooth19',(#3449),#3454,.T.);
#3456=ORIENTED_EDGE('',*,*,#1502,T.);
#3457=ORIENTED_EDGE('',*,*,#1807,T.);
#3458=ORIENTED_EDGE('',*,*,#2102,F.);
#3459=ORIENTED_EDGE('',*,*,#1802,F.);
#3460=EDGE_LOOP('',(#3456,#3457,#3458,#3459));
#3461=FACE_OUTER_BOUND('',#3460,.T.);
#3462=CARTESIAN_POINT('',(-22.799993,-10.151211,38.0000));
#3463=DIRECTION('',(-1.000000,0.000010,0.));
#3464=DIRECTION('',(0.,0.,1.));
#3465=AXIS2_PLACEMENT_3D('',#3462,#3463,#3464);
#3466=PLANE('',#3465);
#3467=ADVANCED_FACE('Tooth20',(#3461),#3466,.T.);
#3468=ORIENTED_EDGE('',*,*,#1507,T.);
#3469=ORIENTED_EDGE('',*,*,#1812,T.);
#3470=ORIENTED_EDGE('',*,*,#2107,F.);
#3471=ORIENTED_EDGE('',*,*,#1807,F.);
#3472=EDGE_LOOP('',(#3468,#3469,#3470,#3471));
#3473=FACE_OUTER_BOUND('',#3472,.T.);
#3474=CARTESIAN_POINT('',(-22.800024,-13.163600,38.0000));
#3475=DIRECTION('',(-0.499991,-0.866030,0.));
#3476=DIRECTION('',(0.,0.,1.));
#3477=AXIS2_PLACEMENT_3D('',#3474,#3475,#3476);
#3478=PLANE('',#3477);
#3479=ADVANCED_FACE('Tooth21',(#3473),#3478,.T.);
#3480=ORIENTED_EDGE('',*,*,#1512,T.);
#3481=ORIENTED_EDGE('',*,*,#1817,T.);
#3482=ORIENTED_EDGE('',*,*,#2112,F.);
#3483=ORIENTED_EDGE('',*,*,#1812,F.);
#3484=EDGE_LOOP('',(#3480,#3481,#3482,#3483));
#3485=FACE_OUTER_BOUND('',#3484,.T.);
#3486=CARTESIAN_POINT('',(-20.191203,-14.669768,38.0000));
#3487=DIRECTION('',(-0.978150,-0.207902,0.));
#3488=DIRECTION('',(0.,0.,1.));
#3489=AXIS2_PLACEMENT_3D('',#3486,#3487,#3488);
#3490=PLANE('',#3489);
#3491=ADVANCED_FACE('Tooth22',(#3485),#3490,.T.);
#3492=ORIENTED_EDGE('',*,*,#1517,T.);
#3493=ORIENTED_EDGE('',*,*,#1822,T.);
#3494=ORIENTED_EDGE('',*,*,#2117,F.);
#3495=ORIENTED_EDGE('',*,*,#1817,F.);
#3496=EDGE_LOOP('',(#3492,#3493,#3494,#3495));
#3497=FACE_OUTER_BOUND('',#3496,.T.);
#3498=CARTESIAN_POINT('',(-19.564922,-17.616335,38.0000));
#3499=DIRECTION('',(-0.309007,-0.951060,0.));
#3500=DIRECTION('',(0.,0.,1.));
#3501=AXIS2_PLACEMENT_3D('',#3498,#3499,#3500);
#3502=PLANE('',#3501);
#3503=ADVANCED_FACE('Tooth23',(#3497),#3502,.T.);
#3504=ORIENTED_EDGE('',*,*,#1522,T.);
#3505=ORIENTED_EDGE('',*,*,#1827,T.);
#3506=ORIENTED_EDGE('',*,*,#2122,F.);
#3507=ORIENTED_EDGE('',*,*,#1822,F.);
#3508=EDGE_LOOP('',(#3504,#3505,#3506,#3507));
#3509=FACE_OUTER_BOUND('',#3508,.T.);
#3510=CARTESIAN_POINT('',(-16.699961,-18.547186,38.0000));
#3511=DIRECTION('',(-0.913550,-0.406727,0.));
#3512=DIRECTION('',(0.,0.,1.));
#3513=AXIS2_PLACEMENT_3D('',#3510,#3511,#3512);
#3514=PLANE('',#3513);
#3515=ADVANCED_FACE('Tooth24',(#3509),#3514,.T.);
#3516=ORIENTED_EDGE('',*,*,#1527,T.);
#3517=ORIENTED_EDGE('',*,*,#1832,T.);
#3518=ORIENTED_EDGE('',*,*,#2127,F.);
#3519=ORIENTED_EDGE('',*,*,#1827,F.);
#3520=EDGE_LOOP('',(#3516,#3517,#3518,#3519));
#3521=FACE_OUTER_BOUND('',#3520,.T.);
#3522=CARTESIAN_POINT('',(-15.474740,-21.299152,38.0000));
#3523=DIRECTION('',(-0.104518,-0.994523,0.));
#3524=DIRECTION('',(0.,0.,1.));
#3525=AXIS2_PLACEMENT_3D('',#3522,#3523,#3524);
#3526=PLANE('',#3525);
#3527=ADVANCED_FACE('Tooth25',(#3521),#3526,.T.);
#3528=ORIENTED_EDGE('',*,*,#1532,T.);
#3529=ORIENTED_EDGE('',*,*,#1837,T.);
#3530=ORIENTED_EDGE('',*,*,#2132,F.);
#3531=ORIENTED_EDGE('',*,*,#1832,F.);
#3532=EDGE_LOOP('',(#3528,#3529,#3530,#3531));
#3533=FACE_OUTER_BOUND('',#3532,.T.);
#3534=CARTESIAN_POINT('',(-12.478850,-21.614002,38.0000));
#3535=DIRECTION('',(-0.809023,-0.587777,0.));
#3536=DIRECTION('',(0.,0.,1.));
#3537=AXIS2_PLACEMENT_3D('',#3534,#3535,#3536);
#3538=PLANE('',#3537);
#3539=ADVANCED_FACE('Tooth26',(#3533),#3538,.T.);
#3540=ORIENTED_EDGE('',*,*,#1537,T.);
#3541=ORIENTED_EDGE('',*,*,#1842,T.);
#3542=ORIENTED_EDGE('',*,*,#2137,F.);
#3543=ORIENTED_EDGE('',*,*,#1837,F.);
#3544=EDGE_LOOP('',(#3540,#3541,#3542,#3543));
#3545=FACE_OUTER_BOUND('',#3544,.T.);
#3546=CARTESIAN_POINT('',(-10.708237,-24.051094,38.0000));
#3547=DIRECTION('',(0.104539,-0.994521,0.));
#3548=DIRECTION('',(0.,0.,1.));
#3549=AXIS2_PLACEMENT_3D('',#3546,#3547,#3548);
#3550=PLANE('',#3549);
#3551=ADVANCED_FACE('Tooth27',(#3545),#3550,.T.);
#3552=ORIENTED_EDGE('',*,*,#1542,T.);
#3553=ORIENTED_EDGE('',*,*,#1847,T.);
#3554=ORIENTED_EDGE('',*,*,#2142,F.);
#3555=ORIENTED_EDGE('',*,*,#1842,F.);
#3556=EDGE_LOOP('',(#3552,#3553,#3554,#3555));
#3557=FACE_OUTER_BOUND('',#3556,.T.);
#3558=CARTESIAN_POINT('',(-7.712353,-23.736183,38.0000));
#3559=DIRECTION('',(-0.669138,-0.743138,0.));
#3560=DIRECTION('',(0.,0.,1.));
#3561=AXIS2_PLACEMENT_3D('',#3558,#3559,#3560);
#3562=PLANE('',#3561);
#3563=ADVANCED_FACE('Tooth28',(#3557),#3562,.T.);
#3564=ORIENTED_EDGE('',*,*,#1547,T.);
#3565=ORIENTED_EDGE('',*,*,#1852,T.);
#3566=ORIENTED_EDGE('',*,*,#2147,F.);
#3567=ORIENTED_EDGE('',*,*,#1847,F.);
#3568=EDGE_LOOP('',(#3564,#3565,#3566,#3567));
#3569=FACE_OUTER_BOUND('',#3568,.T.);
#3570=CARTESIAN_POINT('',(-5.473733,-25.751888,38.0000));
#3571=DIRECTION('',(0.309027,-0.951053,0.));
#3572=DIRECTION('',(0.,0.,1.));
#3573=AXIS2_PLACEMENT_3D('',#3570,#3571,#3572);
#3574=PLANE('',#3573);
#3575=ADVANCED_FACE('Tooth29',(#3569),#3574,.T.);
#3576=ORIENTED_EDGE('',*,*,#1552,T.);
#3577=ORIENTED_EDGE('',*,*,#1857,T.);
#3578=ORIENTED_EDGE('',*,*,#2152,F.);
#3579=ORIENTED_EDGE('',*,*,#1852,F.);
#3580=EDGE_LOOP('',(#3576,#3577,#3578,#3579));
#3581=FACE_OUTER_BOUND('',#3580,.T.);
#3582=CARTESIAN_POINT('',(-2.608790,-24.820979,38.0000));
#3583=DIRECTION('',(-0.500009,-0.866020,0.));
#3584=DIRECTION('',(0.,0.,1.));
#3585=AXIS2_PLACEMENT_3D('',#3582,#3583,#3584);
#3586=PLANE('',#3585);
#3587=ADVANCED_FACE('Tooth30',(#3581),#3586,.T.);
#3588=ORIENTED_EDGE('',*,*,#1557,T.);
#3589=ORIENTED_EDGE('',*,*,#1862,T.);
#3590=ORIENTED_EDGE('',*,*,#2157,F.);
#3591=ORIENTED_EDGE('',*,*,#1857,F.);
#3592=EDGE_LOOP('',(#3588,#3589,#3590,#3591));
#3593=FACE_OUTER_BOUND('',#3592,.T.);
#3594=CARTESIAN_POINT('',(-0.000000,-26.327200,38.0000));
#3595=DIRECTION('',(0.500009,-0.866020,0.));
#3596=DIRECTION('',(0.,0.,1.));
#3597=AXIS2_PLACEMENT_3D('',#3594,#3595,#3596);
#3598=PLANE('',#3597);
#3599=ADVANCED_FACE('Tooth31',(#3593),#3598,.T.);
#3600=ORIENTED_EDGE('',*,*,#1562,T.);
#3601=ORIENTED_EDGE('',*,*,#1867,T.);
#3602=ORIENTED_EDGE('',*,*,#2162,F.);
#3603=ORIENTED_EDGE('',*,*,#1862,F.);
#3604=EDGE_LOOP('',(#3600,#3601,#3602,#3603));
#3605=FACE_OUTER_BOUND('',#3604,.T.);
#3606=CARTESIAN_POINT('',(2.608790,-24.820979,38.0000));
#3607=DIRECTION('',(-0.309027,-0.951053,0.));
#3608=DIRECTION('',(0.,0.,1.));
#3609=AXIS2_PLACEMENT_3D('',#3606,#3607,#3608);
#3610=PLANE('',#3609);
#3611=ADVANCED_FACE('Tooth32',(#3605),#3610,.T.);
#3612=ORIENTED_EDGE('',*,*,#1567,T.);
#3613=ORIENTED_EDGE('',*,*,#1872,T.);
#3614=ORIENTED_EDGE('',*,*,#2167,F.);
#3615=ORIENTED_EDGE('',*,*,#1867,F.);
#3616=EDGE_LOOP('',(#3612,#3613,#3614,#3615));
#3617=FACE_OUTER_BOUND('',#3616,.T.);
#3618=CARTESIAN_POINT('',(5.473733,-25.751888,38.0000));
#3619=DIRECTION('',(0.669138,-0.743138,0.));
#3620=DIRECTION('',(0.,0.,1.));
#3621=AXIS2_PLACEMENT_3D('',#3618,#3619,#3620);
#3622=PLANE('',#3621);
#3623=ADVANCED_FACE('Tooth33',(#3617),#3622,.T.);
#3624=ORIENTED_EDGE('',*,*,#1572,T.);
#3625=ORIENTED_EDGE('',*,*,#1877,T.);
#3626=ORIENTED_EDGE('',*,*,#2172,F.);
#3627=ORIENTED_EDGE('',*,*,#1872,F.);
#3628=EDGE_LOOP('',(#3624,#3625,#3626,#3627));
#3629=FACE_OUTER_BOUND('',#3628,.T.);
#3630=CARTESIAN_POINT('',(7.712353,-23.736183,38.0000));
#3631=DIRECTION('',(-0.104539,-0.994521,0.));
#3632=DIRECTION('',(0.,0.,1.));
#3633=AXIS2_PLACEMENT_3D('',#3630,#3631,#3632);
#3634=PLANE('',#3633);
#3635=ADVANCED_FACE('Tooth34',(#3629),#3634,.T.);
#3636=ORIENTED_EDGE('',*,*,#1577,T.);
#3637=ORIENTED_EDGE('',*,*,#1882,T.);
#3638=ORIENTED_EDGE('',*,*,#2177,F.);
#3639=ORIENTED_EDGE('',*,*,#1877,F.);
#3640=EDGE_LOOP('',(#3636,#3637,#3638,#3639));
#3641=FACE_OUTER_BOUND('',#3640,.T.);
#3642=CARTESIAN_POINT('',(10.708237,-24.051094,38.0000));
#3643=DIRECTION('',(0.809023,-0.587777,0.));
#3644=DIRECTION('',(0.,0.,1.));
#3645=AXIS2_PLACEMENT_3D('',#3642,#3643,#3644);
#3646=PLANE('',#3645);
#3647=ADVANCED_FACE('Tooth35',(#3641),#3646,.T.);
#3648=ORIENTED_EDGE('',*,*,#1582,T.);
#3649=ORIENTED_EDGE('',*,*,#1887,T.);
#3650=ORIENTED_EDGE('',*,*,#2182,F.);
#3651=ORIENTED_EDGE('',*,*,#1882,F.);
#3652=EDGE_LOOP('',(#3648,#3649,#3650,#3651));
#3653=FACE_OUTER_BOUND('',#3652,.T.);
#3654=CARTESIAN_POINT('',(12.478850,-21.614002,38.0000));
#3655=DIRECTION('',(0.104518,-0.994523,0.));
#3656=DIRECTION('',(0.,0.,1.));
#3657=AXIS2_PLACEMENT_3D('',#3654,#3655,#3656);
#3658=PLANE('',#3657);
#3659=ADVANCED_FACE('Tooth36',(#3653),#3658,.T.);
#3660=ORIENTED_EDGE('',*,*,#1587,T.);
#3661=ORIENTED_EDGE('',*,*,#1892,T.);
#3662=ORIENTED_EDGE('',*,*,#2187,F.);
#3663=ORIENTED_EDGE('',*,*,#1887,F.);
#3664=EDGE_LOOP('',(#3660,#3661,#3662,#3663));
#3665=FACE_OUTER_BOUND('',#3664,.T.);
#3666=CARTESIAN_POINT('',(15.474740,-21.299152,38.0000));
#3667=DIRECTION('',(0.913550,-0.406727,0.));
#3668=DIRECTION('',(0.,0.,1.));
#3669=AXIS2_PLACEMENT_3D('',#3666,#3667,#3668);
#3670=PLANE('',#3669);
#3671=ADVANCED_FACE('Tooth37',(#3665),#3670,.T.);
#3672=ORIENTED_EDGE('',*,*,#1592,T.);
#3673=ORIENTED_EDGE('',*,*,#1897,T.);
#3674=ORIENTED_EDGE('',*,*,#2192,F.);
#3675=ORIENTED_EDGE('',*,*,#1892,F.);
#3676=EDGE_LOOP('',(#3672,#3673,#3674,#3675));
#3677=FACE_OUTER_BOUND('',#3676,.T.);
#3678=CARTESIAN_POINT('',(16.699961,-18.547186,38.0000));
#3679=DIRECTION('',(0.309007,-0.951060,0.));
#3680=DIRECTION('',(0.,0.,1.));
#3681=AXIS2_PLACEMENT_3D('',#3678,#3679,#3680);
#3682=PLANE('',#3681);
#3683=ADVANCED_FACE('Tooth38',(#3677),#3682,.T.);
#3684=ORIENTED_EDGE('',*,*,#1597,T.);
#3685=ORIENTED_EDGE('',*,*,#1902,T.);
#3686=ORIENTED_EDGE('',*,*,#2197,F.);
#3687=ORIENTED_EDGE('',*,*,#1897,F.);
#3688=EDGE_LOOP('',(#3684,#3685,#3686,#3687));
#3689=FACE_OUTER_BOUND('',#3688,.T.);
#3690=CARTESIAN_POINT('',(19.564922,-17.616335,38.0000));
#3691=DIRECTION('',(0.978150,-0.207902,0.));
#3692=DIRECTION('',(0.,0.,1.));
#3693=AXIS2_PLACEMENT_3D('',#3690,#3691,#3692);
#3694=PLANE('',#3693);
#3695=ADVANCED_FACE('Tooth39',(#3689),#3694,.T.);
#3696=ORIENTED_EDGE('',*,*,#1602,T.);
#3697=ORIENTED_EDGE('',*,*,#1907,T.);
#3698=ORIENTED_EDGE('',*,*,#2202,F.);
#3699=ORIENTED_EDGE('',*,*,#1902,F.);
#3700=EDGE_LOOP('',(#3696,#3697,#3698,#3699));
#3701=FACE_OUTER_BOUND('',#3700,.T.);
#3702=CARTESIAN_POINT('',(20.191203,-14.669768,38.0000));
#3703=DIRECTION('',(0.499991,-0.866030,0.));
#3704=DIRECTION('',(0.,0.,1.));
#3705=AXIS2_PLACEMENT_3D('',#3702,#3703,#3704);
#3706=PLANE('',#3705);
#3707=ADVANCED_FACE('Tooth40',(#3701),#3706,.T.);
#3708=ORIENTED_EDGE('',*,*,#1607,T.);
#3709=ORIENTED_EDGE('',*,*,#1912,T.);
#3710=ORIENTED_EDGE('',*,*,#2207,F.);
#3711=ORIENTED_EDGE('',*,*,#1907,F.);
#3712=EDGE_LOOP('',(#3708,#3709,#3710,#3711));
#3713=FACE_OUTER_BOUND('',#3712,.T.);
#3714=CARTESIAN_POINT('',(22.800024,-13.163600,38.0000));
#3715=DIRECTION('',(1.000000,0.000010,0.));
#3716=DIRECTION('',(0.,0.,1.));
#3717=AXIS2_PLACEMENT_3D('',#3714,#3715,#3716);
#3718=PLANE('',#3717);
#3719=ADVANCED_FACE('Tooth41',(#3713),#3718,.T.);
#3720=ORIENTED_EDGE('',*,*,#1612,T.);
#3721=ORIENTED_EDGE('',*,*,#1917,T.);
#3722=ORIENTED_EDGE('',*,*,#2212,F.);
#3723=ORIENTED_EDGE('',*,*,#1912,F.);
#3724=EDGE_LOOP('',(#3720,#3721,#3722,#3723));
#3725=FACE_OUTER_BOUND('',#3724,.T.);
#3726=CARTESIAN_POINT('',(22.799993,-10.151211,38.0000));
#3727=DIRECTION('',(0.669123,-0.743152,0.));
#3728=DIRECTION('',(0.,0.,1.));
#3729=AXIS2_PLACEMENT_3D('',#3726,#3727,#3728);
#3730=PLANE('',#3729);
#3731=ADVANCED_FACE('Tooth42',(#3725),#3730,.T.);
#3732=ORIENTED_EDGE('',*,*,#1617,T.);
#3733=ORIENTED_EDGE('',*,*,#1922,T.);
#3734=ORIENTED_EDGE('',*,*,#2217,F.);
#3735=ORIENTED_EDGE('',*,*,#1917,F.);
#3736=EDGE_LOOP('',(#3732,#3733,#3734,#3735));
#3737=FACE_OUTER_BOUND('',#3736,.T.);
#3738=CARTESIAN_POINT('',(25.038655,-8.135552,38.0000));
#3739=DIRECTION('',(0.978145,0.207922,0.));
#3740=DIRECTION('',(0.,0.,1.));
#3741=AXIS2_PLACEMENT_3D('',#3738,#3739,#3740);
#3742=PLANE('',#3741);
#3743=ADVANCED_FACE('Tooth43',(#3737),#3742,.T.);
#3744=ORIENTED_EDGE('',*,*,#1622,T.);
#3745=ORIENTED_EDGE('',*,*,#1927,T.);
#3746=ORIENTED_EDGE('',*,*,#2222,F.);
#3747=ORIENTED_EDGE('',*,*,#1922,F.);
#3748=EDGE_LOOP('',(#3744,#3745,#3746,#3747));
#3749=FACE_OUTER_BOUND('',#3748,.T.);
#3750=CARTESIAN_POINT('',(24.412314,-5.188998,38.0000));
#3751=DIRECTION('',(0.809011,-0.587793,0.));
#3752=DIRECTION('',(0.,0.,1.));
#3753=AXIS2_PLACEMENT_3D('',#3750,#3751,#3752);
#3754=PLANE('',#3753);
#3755=ADVANCED_FACE('Tooth44',(#3749),#3754,.T.);
#3756=ORIENTED_EDGE('',*,*,#1627,T.);
#3757=ORIENTED_EDGE('',*,*,#1932,T.);
#3758=ORIENTED_EDGE('',*,*,#2227,F.);
#3759=ORIENTED_EDGE('',*,*,#1927,F.);
#3760=EDGE_LOOP('',(#3756,#3757,#3758,#3759));
#3761=FACE_OUTER_BOUND('',#3760,.T.);
#3762=CARTESIAN_POINT('',(26.182977,-2.751942,38.0000));
#3763=DIRECTION('',(0.913541,0.406746,0.));
#3764=DIRECTION('',(0.,0.,1.));
#3765=AXIS2_PLACEMENT_3D('',#3762,#3763,#3764);
#3766=PLANE('',#3765);
#3767=ADVANCED_FACE('Tooth45',(#3761),#3766,.T.);
#3768=ORIENTED_EDGE('',*,*,#1632,T.);
#3769=ORIENTED_EDGE('',*,*,#1937,T.);
#3770=ORIENTED_EDGE('',*,*,#2232,F.);
#3771=ORIENTED_EDGE('',*,*,#1932,F.);
#3772=EDGE_LOOP('',(#3768,#3769,#3770,#3771));
#3773=FACE_OUTER_BOUND('',#3772,.T.);
#3774=CARTESIAN_POINT('',(24.957700,-0.000000,38.0000));
#3775=DIRECTION('',(0.913541,-0.406746,0.));
#3776=DIRECTION('',(0.,0.,1.));
#3777=AXIS2_PLACEMENT_3D('',#3774,#3775,#3776);
#3778=PLANE('',#3777);
#3779=ADVANCED_FACE('Tooth46',(#3773),#3778,.T.);
#3780=ORIENTED_EDGE('',*,*,#1637,T.);
#3781=ORIENTED_EDGE('',*,*,#1942,T.);
#3782=ORIENTED_EDGE('',*,*,#2237,F.);
#3783=ORIENTED_EDGE('',*,*,#1937,F.);
#3784=EDGE_LOOP('',(#3780,#3781,#3782,#3783));
#3785=FACE_OUTER_BOUND('',#3784,.T.);
#3786=CARTESIAN_POINT('',(26.182977,2.751942,38.0000));
#3787=DIRECTION('',(0.809011,0.587793,0.));
#3788=DIRECTION('',(0.,0.,1.));
#3789=AXIS2_PLACEMENT_3D('',#3786,#3787,#3788);
#3790=PLANE('',#3789);
#3791=ADVANCED_FACE('Tooth47',(#3785),#3790,.T.);
#3792=ORIENTED_EDGE('',*,*,#1642,T.);
#3793=ORIENTED_EDGE('',*,*,#1947,T.);
#3794=ORIENTED_EDGE('',*,*,#2242,F.);
#3795=ORIENTED_EDGE('',*,*,#1942,F.);
#3796=EDGE_LOOP('',(#3792,#3793,#3794,#3795));
#3797=FACE_OUTER_BOUND('',#3796,.T.);
#3798=CARTESIAN_POINT('',(24.412314,5.188998,38.0000));
#3799=DIRECTION('',(0.978145,-0.207922,0.));
#3800=DIRECTION('',(0.,0.,1.));
#3801=AXIS2_PLACEMENT_3D('',#3798,#3799,#3800);
#3802=PLANE('',#3801);
#3803=ADVANCED_FACE('Tooth48',(#3797),#3802,.T.);
#3804=ORIENTED_EDGE('',*,*,#1647,T.);
#3805=ORIENTED_EDGE('',*,*,#1952,T.);
#3806=ORIENTED_EDGE('',*,*,#2247,F.);
#3807=ORIENTED_EDGE('',*,*,#1947,F.);
#3808=EDGE_LOOP('',(#3804,#3805,#3806,#3807));
#3809=FACE_OUTER_BOUND('',#3808,.T.);
#3810=CARTESIAN_POINT('',(25.038655,8.135552,38.0000));
#3811=DIRECTION('',(0.669123,0.743152,0.));
#3812=DIRECTION('',(0.,0.,1.));
#3813=AXIS2_PLACEMENT_3D('',#3810,#3811,#3812);
#3814=PLANE('',#3813);
#3815=ADVANCED_FACE('Tooth49',(#3809),#3814,.T.);
#3816=ORIENTED_EDGE('',*,*,#1652,T.);
#3817=ORIENTED_EDGE('',*,*,#1957,T.);
#3818=ORIENTED_EDGE('',*,*,#2252,F.);
#3819=ORIENTED_EDGE('',*,*,#1952,F.);
#3820=EDGE_LOOP('',(#3816,#3817,#3818,#3819));
#3821=FACE_OUTER_BOUND('',#3820,.T.);
#3822=CARTESIAN_POINT('',(22.799993,10.151211,38.0000));
#3823=DIRECTION('',(1.000000,-0.000010,0.));
#3824=DIRECTION('',(0.,0.,1.));
#3825=AXIS2_PLACEMENT_3D('',#3822,#3823,#3824);
#3826=PLANE('',#3825);
#3827=ADVANCED_FACE('Tooth50',(#3821),#3826,.T.);
#3828=ORIENTED_EDGE('',*,*,#1657,T.);
#3829=ORIENTED_EDGE('',*,*,#1962,T.);
#3830=ORIENTED_EDGE('',*,*,#2257,F.);
#3831=ORIENTED_EDGE('',*,*,#1957,F.);
#3832=EDGE_LOOP('',(#3828,#3829,#3830,#3831));
#3833=FACE_OUTER_BOUND('',#3832,.T.);
#3834=CARTESIAN_POINT('',(22.800024,13.163600,38.0000));
#3835=DIRECTION('',(0.499991,0.866030,0.));
#3836=DIRECTION('',(0.,0.,1.));
#3837=AXIS2_PLACEMENT_3D('',#3834,#3835,#3836);
#3838=PLANE('',#3837);
#3839=ADVANCED_FACE('Tooth51',(#3833),#3838,.T.);
#3840=ORIENTED_EDGE('',*,*,#1662,T.);
#3841=ORIENTED_EDGE('',*,*,#1967,T.);
#3842=ORIENTED_EDGE('',*,*,#2262,F.);
#3843=ORIENTED_EDGE('',*,*,#1962,F.);
#3844=EDGE_LOOP('',(#3840,#3841,#3842,#3843));
#3845=FACE_OUTER_BOUND('',#3844,.T.);
#3846=CARTESIAN_POINT('',(20.191203,14.669768,38.0000));
#3847=DIRECTION('',(0.978150,0.207902,0.));
#3848=DIRECTION('',(0.,0.,1.));
#3849=AXIS2_PLACEMENT_3D('',#3846,#3847,#3848);
#3850=PLANE('',#3849);
#3851=ADVANCED_FACE('Tooth52',(#3845),#3850,.T.);
#3852=ORIENTED_EDGE('',*,*,#1667,T.);
#3853=ORIENTED_EDGE('',*,*,#1972,T.);
#3854=ORIENTED_EDGE('',*,*,#2267,F.);
#3855=ORIENTED_EDGE('',*,*,#1967,F.);
#3856=EDGE_LOOP('',(#3852,#3853,#3854,#3855));
#3857=FACE_OUTER_BOUND('',#3856,.T.);
#3858=CARTESIAN_POINT('',(19.564922,17.616335,38.0000));
#3859=DIRECTION('',(0.309007,0.951060,0.));
#3860=DIRECTION('',(0.,0.,1.));
#3861=AXIS2_PLACEMENT_3D('',#3858,#3859,#3860);
#3862=PLANE('',#3861);
#3863=ADVANCED_FACE('Tooth53',(#3857),#3862,.T.);
#3864=ORIENTED_EDGE('',*,*,#1672,T.);
#3865=ORIENTED_EDGE('',*,*,#1977,T.);
#3866=ORIENTED_EDGE('',*,*,#2272,F.);
#3867=ORIENTED_EDGE('',*,*,#1972,F.);
#3868=EDGE_LOOP('',(#3864,#3865,#3866,#3867));
#3869=FACE_OUTER_BOUND('',#3868,.T.);
#3870=CARTESIAN_POINT('',(16.699961,18.547186,38.0000));
#3871=DIRECTION('',(0.913550,0.406727,0.));
#3872=DIRECTION('',(0.,0.,1.));
#3873=AXIS2_PLACEMENT_3D('',#3870,#3871,#3872);
#3874=PLANE('',#3873);
#3875=ADVANCED_FACE('Tooth54',(#3869),#3874,.T.);
#3876=ORIENTED_EDGE('',*,*,#1677,T.);
#3877=ORIENTED_EDGE('',*,*,#1982,T.);
#3878=ORIENTED_EDGE('',*,*,#2277,F.);
#3879=ORIENTED_EDGE('',*,*,#1977,F.);
#3880=EDGE_LOOP('',(#3876,#3877,#3878,#3879));
#3881=FACE_OUTER_BOUND('',#3880,.T.);
#3882=CARTESIAN_POINT('',(15.474740,21.299152,38.0000));
#3883=DIRECTION('',(0.104518,0.994523,0.));
#3884=DIRECTION('',(0.,0.,1.));
#3885=AXIS2_PLACEMENT_3D('',#3882,#3883,#3884);
#3886=PLANE('',#3885);
#3887=ADVANCED_FACE('Tooth55',(#3881),#3886,.T.);
#3888=ORIENTED_EDGE('',*,*,#1682,T.);
#3889=ORIENTED_EDGE('',*,*,#1987,T.);
#3890=ORIENTED_EDGE('',*,*,#2282,F.);
#3891=ORIENTED_EDGE('',*,*,#1982,F.);
#3892=EDGE_LOOP('',(#3888,#3889,#3890,#3891));
#3893=FACE_OUTER_BOUND('',#3892,.T.);
#3894=CARTESIAN_POINT('',(12.478850,21.614002,38.0000));
#3895=DIRECTION('',(0.809023,0.587777,0.));
#3896=DIRECTION('',(0.,0.,1.));
#3897=AXIS2_PLACEMENT_3D('',#3894,#3895,#3896);
#3898=PLANE('',#3897);
#3899=ADVANCED_FACE('Tooth56',(#3893),#3898,.T.);
#3900=ORIENTED_EDGE('',*,*,#1687,T.);
#3901=ORIENTED_EDGE('',*,*,#1992,T.);
#3902=ORIENTED_EDGE('',*,*,#2287,F.);
#3903=ORIENTED_EDGE('',*,*,#1987,F.);
#3904=EDGE_LOOP('',(#3900,#3901,#3902,#3903));
#3905=FACE_OUTER_BOUND('',#3904,.T.);
#3906=CARTESIAN_POINT('',(10.708237,24.051094,38.0000));
#3907=DIRECTION('',(-0.104539,0.994521,0.));
#3908=DIRECTION('',(0.,0.,1.));
#3909=AXIS2_PLACEMENT_3D('',#3906,#3907,#3908);
#3910=PLANE('',#3909);
#3911=ADVANCED_FACE('Tooth57',(#3905),#3910,.T.);
#3912=ORIENTED_EDGE('',*,*,#1692,T.);
#3913=ORIENTED_EDGE('',*,*,#1997,T.);
#3914=ORIENTED_EDGE('',*,*,#2292,F.);
#3915=ORIENTED_EDGE('',*,*,#1992,F.);
#3916=EDGE_LOOP('',(#3912,#3913,#3914,#3915));
#3917=FACE_OUTER_BOUND('',#3916,.T.);
#3918=CARTESIAN_POINT('',(7.712353,23.736183,38.0000));
#3919=DIRECTION('',(0.669138,0.743138,0.));
#3920=DIRECTION('',(0.,0.,1.));
#3921=AXIS2_PLACEMENT_3D('',#3918,#3919,#3920);
#3922=PLANE('',#3921);
#3923=ADVANCED_FACE('Tooth58',(#3917),#3922,.T.);
#3924=ORIENTED_EDGE('',*,*,#1697,T.);
#3925=ORIENTED_EDGE('',*,*,#1702,T.);
#3926=ORIENTED_EDGE('',*,*,#2297,F.);
#3927=ORIENTED_EDGE('',*,*,#1997,F.);
#3928=EDGE_LOOP('',(#3924,#3925,#3926,#3927));
#3929=FACE_OUTER_BOUND('',#3928,.T.);
#3930=CARTESIAN_POINT('',(5.473733,25.751888,38.0000));
#3931=DIRECTION('',(-0.309027,0.951053,0.));
#3932=DIRECTION('',(0.,0.,1.));
#3933=AXIS2_PLACEMENT_3D('',#3930,#3931,#3932);
#3934=PLANE('',#3933);
#3935=ADVANCED_FACE('Tooth59',(#3929),#3934,.T.);
#3936=ORIENTED_EDGE('',*,*,#2002,T.);
#3937=ORIENTED_EDGE('',*,*,#2007,T.);
#3938=ORIENTED_EDGE('',*,*,#2012,T.);
#3939=ORIENTED_EDGE('',*,*,#2017,T.);
#3940=ORIENTED_EDGE('',*,*,#2022,T.);
#3941=ORIENTED_EDGE('',*,*,#2027,T.);
#3942=ORIENTED_EDGE('',*,*,#2032,T.);
#3943=ORIENTED_EDGE('',*,*,#2037,T.);
#3944=ORIENTED_EDGE('',*,*,#2042,T.);
#3945=ORIENTED_EDGE('',*,*,#2047,T.);
#3946=ORIENTED_EDGE('',*,*,#2052,T.);
#3947=ORIENTED_EDGE('',*,*,#2057,T.);
#3948=ORIENTED_EDGE('',*,*,#2062,T.);
#3949=ORIENTED_EDGE('',*,*,#2067,T.);
#3950=ORIENTED_EDGE('',*,*,#2072,T.);
#3951=ORIENTED_EDGE('',*,*,#2077,T.);
#3952=ORIENTED_EDGE('',*,*,#2082,T.);
#3953=ORIENTED_EDGE('',*,*,#2087,T.);
#3954=ORIENTED_EDGE('',*,*,#2092,T.);
#3955=ORIENTED_EDGE('',*,*,#2097,T.);
#3956=ORIENTED_EDGE('',*,*,#2102,T.);
#3957=ORIENTED_EDGE('',*,*,#2107,T.);
#3958=ORIENTED_EDGE('',*,*,#2112,T.);
#3959=ORIENTED_EDGE('',*,*,#2117,T.);
#3960=ORIENTED_EDGE('',*,*,#2122,T.);
#3961=ORIENTED_EDGE('',*,*,#2127,T.);
#3962=ORIENTED_EDGE('',*,*,#2132,T.);
#3963=ORIENTED_EDGE('',*,*,#2137,T.);
#3964=ORIENTED_EDGE('',*,*,#2142,T.);
#3965=ORIENTED_EDGE('',*,*,#2147,T.);
#3966=ORIENTED_EDGE('',*,*,#2152,T.);
#3967=ORIENTED_EDGE('',*,*,#2157,T.);
#3968=ORIENTED_EDGE('',*,*,#2162,T.);
#3969=ORIENTED_EDGE('',*,*,#2167,T.);
#3970=ORIENTED_EDGE('',*,*,#2172,T.);
#3971=ORIENTED_EDGE('',*,*,#2177,T.);
#3972=ORIENTED_EDGE('',*,*,#2182,T.);
#3973=ORIENTED_EDGE('',*,*,#2187,T.);
#3974=ORIENTED_EDGE('',*,*,#2192,T.);
#3975=ORIENTED_EDGE('',*,*,#2197,T.);
#3976=ORIENTED_EDGE('',*,*,#2202,T.);
#3977=ORIENTED_EDGE('',*,*,#2207,T.);
#3978=ORIENTED_EDGE('',*,*,#2212,T.);
#3979=ORIENTED_EDGE('',*,*,#2217,T.);
#3980=ORIENTED_EDGE('',*,*,#2222,T.);
#3981=ORIENTED_EDGE('',*,*,#2227,T.);
#3982=ORIENTED_EDGE('',*,*,#2232,T.);
#3983=ORIENTED_EDGE('',*,*,#2237,T.);
#3984=ORIENTED_EDGE('',*,*,#2242,T.);
#3985=ORIENTED_EDGE('',*,*,#2247,T.);
#3986=ORIENTED_EDGE('',*,*,#2252,T.);
#3987=ORIENTED_EDGE('',*,*,#2257,T.);
#3988=ORIENTED_EDGE('',*,*,#2262,T.);
#3989=ORIENTED_EDGE('',*,*,#2267,T.);
#3990=ORIENTED_EDGE('',*,*,#2272,T.);
#3991=ORIENTED_EDGE('',*,*,#2277,T.);
#3992=ORIENTED_EDGE('',*,*,#2282,T.);
#3993=ORIENTED_EDGE('',*,*,#2287,T.);
#3994=ORIENTED_EDGE('',*,*,#2292,T.);
#3995=ORIENTED_EDGE('',*,*,#2297,T.);
#3996=EDGE_LOOP('',(#3936,#3937,#3938,#3939,#3940,#3941,#3942,#3943,#3944,#3945,#3946,#3947,#3948,#3949,#3950,#3951,#3952,#3953,#3954,#3955,#3956,#3957,#3958,#3959,#3960,#3961,#3962,#3963,#3964,#3965,#3966,#3967,#3968,#3969,#3970,#3971,#3972,#3973,#3974,#3975,#3976,#3977,#3978,#3979,#3980,#3981,#3982,#3983,#3984,#3985,#3986,#3987,#3988,#3989,#3990,#3991,#3992,#3993,#3994,#3995));
#3997=FACE_OUTER_BOUND('',#3996,.T.);
#3998=CARTESIAN_POINT('',(0.0000,0.0000,46.0000));
#3999=DIRECTION('',(0.000000,0.000000,1.000000));
#4000=DIRECTION('',(1.,0.,0.));
#4001=AXIS2_PLACEMENT_3D('',#3998,#3999,#4000);
#4002=PLANE('',#4001);
#4003=ADVANCED_FACE('Top',(#3997),#4002,.T.);
#4004=CLOSED_SHELL('T30Shell',(#2365,#2377,#2389,#2401,#2413,#2425,#2437,#2449,#2461,#2473,#2485,#2497,#2509,#2521,#2533,#2545,#2557,#2569,#2581,#2593,#2605,#2617,#2629,#2641,#2653,#2665,#2677,#2689,#2701,#2713,#2725,#2737,#2749,#2761,#2773,#2785,#2797,#2809,#2821,#2833,#2845,#2857,#2869,#2881,#2893,#2905,#2917,#2929,#2941,#2953,#2965,#2977,#2989,#3001,#3013,#3025,#3037,#3049,#3061,#3073,#3085,#3215,#3227,#3239,#3251,#3263,#3275,#3287,#3299,#3311,#3323,#3335,#3347,#3359,#3371,#3383,#3395,#3407,#3419,#3431,#3443,#3455,#3467,#3479,#3491,#3503,#3515,#3527,#3539,#3551,#3563,#3575,#3587,#3599,#3611,#3623,#3635,#3647,#3659,#3671,#3683,#3695,#3707,#3719,#3731,#3743,#3755,#3767,#3779,#3791,#3803,#3815,#3827,#3839,#3851,#3863,#3875,#3887,#3899,#3911,#3923,#3935,#4003));
#4005=MANIFOLD_SOLID_BREP('T30_Broach_Punch',#4004);
#4006=SHAPE_REPRESENTATION('T30_SR',(#12,#4005),#17);
#4007=SHAPE_DEFINITION_REPRESENTATION(#8,#4006);
ENDSEC;
END-ISO-10303-21;